{
  "aid": {
    "rho_sweep": {
      "0.1": {
        "0.0": 83.02,
        "0.15": 79.42,
        "0.3": 62.68
      },
      "0.25": {
        "0.0": 92.54,
        "0.15": 92.62,
        "0.3": 88.12
      },
      "0.375": {
        "0.0": 94.34,
        "0.15": 94.52,
        "0.3": 92.04
      },
      "0.5": {
        "0.0": 95.02,
        "0.15": 95.18,
        "0.3": 93.26
      },
      "0.625": {
        "0.0": 95.4,
        "0.15": 95.62,
        "0.3": 93.5
      },
      "0.75": {
        "0.0": 95.42,
        "0.15": 95.78,
        "0.3": 93.36
      },
      "0.875": {
        "0.0": 95.42,
        "0.15": 95.76,
        "0.3": 93.02
      },
      "1.0": {
        "0.0": 95.2,
        "0.15": 95.64,
        "0.3": 92.36
      }
    },
    "mask_comparison": {
      "0.5": {
        "0.0": {
          "learned": 95.02,
          "random_mean": 95.31333333333333,
          "random_std": 0.04109609335312371,
          "uniform": 95.56,
          "delta_random": -0.29333333333333655
        },
        "0.15": {
          "learned": 95.28,
          "random_mean": 95.23333333333333,
          "random_std": 0.12256517540566395,
          "uniform": 95.38,
          "delta_random": 0.046666666666666856
        },
        "0.3": {
          "learned": 93.32,
          "random_mean": 91.98,
          "random_std": 0.07118052168020789,
          "uniform": 92.8,
          "delta_random": 1.3399999999999892
        }
      },
      "0.75": {
        "0.0": {
          "learned": 95.42,
          "random_mean": 95.29333333333334,
          "random_std": 0.02494438257848798,
          "uniform": 94.7,
          "delta_random": 0.12666666666666515
        },
        "0.15": {
          "learned": 95.9,
          "random_mean": 95.58,
          "random_std": 0.09092121131324386,
          "uniform": 94.92,
          "delta_random": 0.3200000000000074
        },
        "0.3": {
          "learned": 93.8,
          "random_mean": 93.28666666666668,
          "random_std": 0.052493385826745786,
          "uniform": 91.9,
          "delta_random": 0.5133333333333212
        }
      }
    },
    "noise_awareness": "list indices must be integers or slices, not str"
  },
  "resisc45": {
    "rho_sweep": {
      "0.1": {
        "0.0": 71.73015873015873,
        "0.15": 69.07142857142857,
        "0.3": 53.98412698412698
      },
      "0.25": {
        "0.0": 83.73015873015873,
        "0.15": 83.67063492063492,
        "0.3": 78.73809523809524
      },
      "0.375": {
        "0.0": 87.60317460317461,
        "0.15": 87.88095238095238,
        "0.3": 84.4563492063492
      },
      "0.5": {
        "0.0": 89.83730158730158,
        "0.15": 90.26984126984127,
        "0.3": 86.57539682539682
      },
      "0.625": {
        "0.0": 91.05555555555556,
        "0.15": 91.46825396825396,
        "0.3": 87.28968253968254
      },
      "0.75": {
        "0.0": 92.01190476190476,
        "0.15": 92.43650793650794,
        "0.3": 87.08333333333333
      },
      "0.875": {
        "0.0": 92.39682539682539,
        "0.15": 92.8015873015873,
        "0.3": 86.61111111111111
      },
      "1.0": {
        "0.0": 92.52777777777777,
        "0.15": 92.91269841269842,
        "0.3": 85.30952380952381
      }
    },
    "mask_comparison": {
      "0.5": {
        "0.0": {
          "learned": 89.83730158730158,
          "random_mean": 92.41005291005291,
          "random_std": 0.024746411288188146,
          "uniform": 92.62698412698413,
          "delta_random": -2.57275132275133
        },
        "0.15": {
          "learned": 90.19047619047619,
          "random_mean": 92.48544973544972,
          "random_std": 0.06981821809733847,
          "uniform": 92.6547619047619,
          "delta_random": -2.29497354497353
        },
        "0.3": {
          "learned": 86.61904761904762,
          "random_mean": 89.18253968253968,
          "random_std": 0.08819885226544766,
          "uniform": 88.98412698412699,
          "delta_random": -2.5634920634920633
        }
      },
      "0.75": {
        "0.0": {
          "learned": 92.01190476190476,
          "random_mean": 92.51058201058201,
          "random_std": 0.0463151888889204,
          "uniform": 91.48412698412699,
          "delta_random": -0.4986772486772537
        },
        "0.15": {
          "learned": 92.40079365079364,
          "random_mean": 92.87433862433863,
          "random_std": 0.020830708661402172,
          "uniform": 91.78174603174604,
          "delta_random": -0.47354497354498903
        },
        "0.3": {
          "learned": 87.12301587301587,
          "random_mean": 88.87037037037037,
          "random_std": 0.04906676452643186,
          "uniform": 84.49603174603175,
          "delta_random": -1.7473544973544932
        }
      }
    },
    "noise_awareness": "list indices must be integers or slices, not str"
  }
}