{
  "AID": {
    "CNN-Uni": {
      "0.0": 91.78,
      "0.05": 91.5,
      "0.1": 91.02,
      "0.15": 88.8,
      "0.2": 83.12,
      "0.25": 72.66,
      "0.3": 52.76
    },
    "CNN-NonUni": {
      "0.0": 91.74,
      "0.05": 91.64,
      "0.1": 90.68,
      "0.15": 89.14,
      "0.2": 85.48,
      "0.25": 78.48,
      "0.3": 62.44
    },
    "CNN-Bern": {
      "0.0": 9.5,
      "0.05": 7.5,
      "0.1": 6.16,
      "0.15": 5.06,
      "0.2": 4.44,
      "0.25": 3.94,
      "0.3": 3.74
    }
  },
  "RESISC45": {
    "CNN-Uni": {
      "0.0": 78.31746031746032,
      "0.05": 81.37698412698413,
      "0.1": 82.31349206349206,
      "0.15": 81.28571428571429,
      "0.2": 77.17857142857143,
      "0.25": 67.40079365079364,
      "0.3": 49.32539682539682
    },
    "CNN-NonUni": {
      "0.0": 78.32142857142857,
      "0.05": 78.47619047619048,
      "0.1": 78.06746031746032,
      "0.15": 76.46031746031746,
      "0.2": 72.39682539682539,
      "0.25": 64.67460317460318,
      "0.3": 50.96031746031746
    },
    "CNN-Bern": {
      "0.0": 15.48015873015873,
      "0.05": 13.884920634920634,
      "0.1": 11.686507936507937,
      "0.15": 10.055555555555555,
      "0.2": 8.51984126984127,
      "0.25": 6.984126984126984,
      "0.3": 6.079365079365079
    }
  }
}