{
  "baseline": 0.4283013914955197,
  "snn": {
    "0.0": {
      "mAP50": 0.2664507262199953,
      "fr": 0.1565748726328214
    },
    "0.05": {
      "mAP50": 0.2205237237562109,
      "fr": 0.14956888308127722
    },
    "0.1": {
      "mAP50": 0.08404589901253752,
      "fr": 0.1423681527376175
    },
    "0.15": {
      "mAP50": 0.013600909296491822,
      "fr": 0.15347987910111746
    },
    "0.2": {
      "mAP50": 0.006508050905006694,
      "fr": 0.1490820348262787
    },
    "0.25": {
      "mAP50": 0.0,
      "fr": 0.13456514726082483
    },
    "0.3": {
      "mAP50": 0.0,
      "fr": 0.1315644606947899
    }
  }
}