{
  "baseline": 0.4283013914955197,
  "v8_a": {
    "0.0": {
      "mAP50": 0.33165782063858973
    },
    "0.05": {
      "mAP50": 0.3345935249705901
    },
    "0.1": {
      "mAP50": 0.3401072289553675
    },
    "0.15": {
      "mAP50": 0.33855179851481715
    },
    "0.2": {
      "mAP50": 0.3321199540221359
    },
    "0.25": {
      "mAP50": 0.32433977897926625
    },
    "0.3": {
      "mAP50": 0.3103131050210221
    }
  }
}