{
  "baseline": 0.4283013914955197,
  "snn_v6d3": {
    "0.0": {
      "mAP50": 0.177685593764458,
      "tx_rate": 0.7486772537231445
    },
    "0.05": {
      "mAP50": 0.17700337426704424,
      "tx_rate": 0.7486772537231445
    },
    "0.1": {
      "mAP50": 0.1725734251518169,
      "tx_rate": 0.7486772537231445
    },
    "0.15": {
      "mAP50": 0.19316670547975262,
      "tx_rate": 0.7486772537231445
    },
    "0.2": {
      "mAP50": 0.16411944193191216,
      "tx_rate": 0.7486772537231445
    },
    "0.25": {
      "mAP50": 0.17991343155867867,
      "tx_rate": 0.7486772537231445
    },
    "0.3": {
      "mAP50": 0.18783680744249792,
      "tx_rate": 0.7486772537231445
    }
  }
}