{
  "model": "YOLO26n-obb + SpikeAdaptSC (faithful)",
  "baseline": {
    "mAP50": 0.4283013914955197,
    "mAP50_95": 0.29105454969607725
  },
  "snn": {
    "0.0": {
      "mAP50": 0.0009383653651040465,
      "mAP50_95": 0.0003445080088762835,
      "tx_rate": 0.7486772537231445
    },
    "0.05": {
      "mAP50": 8.330700839059685e-06,
      "mAP50_95": 8.330700839059685e-07,
      "tx_rate": 0.7486772537231445
    },
    "0.1": {
      "mAP50": 0.00016358077419462597,
      "mAP50_95": 3.99958046456177e-05,
      "tx_rate": 0.7486772537231445
    },
    "0.15": {
      "mAP50": 5.3593051110997636e-05,
      "mAP50_95": 2.3936287658850315e-05,
      "tx_rate": 0.7486772537231445
    },
    "0.2": {
      "mAP50": 1.5760384312950507e-05,
      "mAP50_95": 1.5760384312950508e-06,
      "tx_rate": 0.7486772537231445
    },
    "0.25": {
      "mAP50": 0.0001141197343555427,
      "mAP50_95": 2.1270034269722163e-05,
      "tx_rate": 0.7486772537231445
    },
    "0.3": {
      "mAP50": 0.0,
      "mAP50_95": 0.0,
      "tx_rate": 0.7486772537231445
    }
  }
}