{
  "baseline": 0.4283013914955197,
  "v7_a4": {
    "0.0": {
      "mAP50": 0.2361419496487303
    },
    "0.05": {
      "mAP50": 0.22823090021268536
    },
    "0.1": {
      "mAP50": 0.22508152946951773
    },
    "0.15": {
      "mAP50": 0.21442326244179502
    },
    "0.2": {
      "mAP50": 0.19952390049288507
    },
    "0.25": {
      "mAP50": 0.1841539582072776
    },
    "0.3": {
      "mAP50": 0.18043597138783515
    }
  }
}