{
  "baseline": 0.4283013914955197,
  "v7_a5": {
    "0.0": {
      "mAP50": 0.2868977840014707
    },
    "0.05": {
      "mAP50": 0.2841081860774756
    },
    "0.1": {
      "mAP50": 0.28181088756497263
    },
    "0.15": {
      "mAP50": 0.28031000571355114
    },
    "0.2": {
      "mAP50": 0.2697380120495173
    },
    "0.25": {
      "mAP50": 0.26547705418285944
    },
    "0.3": {
      "mAP50": 0.22578538009884233
    }
  }
}