{
  "baseline": 0.4283013914955197,
  "snn_v6d2": {
    "0.0": {
      "mAP50": 0.316340240802661,
      "tx_rate": 0.7486772537231445
    },
    "0.05": {
      "mAP50": 0.3361314355909954,
      "tx_rate": 0.7486772537231445
    },
    "0.1": {
      "mAP50": 0.3282308629006462,
      "tx_rate": 0.7486772537231445
    },
    "0.15": {
      "mAP50": 0.34516467822718616,
      "tx_rate": 0.7486772537231445
    },
    "0.2": {
      "mAP50": 0.308030990046433,
      "tx_rate": 0.7486772537231445
    },
    "0.25": {
      "mAP50": 0.2705778871782835,
      "tx_rate": 0.7486772537231445
    },
    "0.3": {
      "mAP50": 0.2636306120648178,
      "tx_rate": 0.7486772537231445
    }
  }
}