{
  "baseline": 0.4283013914955197,
  "v8a_slim": {
    "0.0": {
      "mAP50": 0.3291568580257333
    },
    "0.05": {
      "mAP50": 0.3326776984632972
    },
    "0.1": {
      "mAP50": 0.3323545009775225
    },
    "0.15": {
      "mAP50": 0.33187151241853574
    },
    "0.2": {
      "mAP50": 0.3180236450129263
    },
    "0.25": {
      "mAP50": 0.3081378084164915
    },
    "0.3": {
      "mAP50": 0.2723681427351305
    }
  }
}