{
  "baseline": 0.4283013914955197,
  "snn_v6d": {
    "0.0": {
      "mAP50": 0.3020963187763654,
      "tx_rate": 0.7990593777762518
    },
    "0.05": {
      "mAP50": 0.2896724828408835,
      "tx_rate": 0.7990593777762518
    },
    "0.1": {
      "mAP50": 0.26334305076662173,
      "tx_rate": 0.7990593777762518
    },
    "0.15": {
      "mAP50": 0.19450380723585176,
      "tx_rate": 0.7990593777762518
    },
    "0.2": {
      "mAP50": 0.008681348058815909,
      "tx_rate": 0.7990593777762518
    },
    "0.25": {
      "mAP50": 0.0,
      "tx_rate": 0.7990593777762518
    },
    "0.3": {
      "mAP50": 0.0,
      "tx_rate": 0.7990593777762518
    }
  }
}