{
  "baseline": 0.4283013914955197,
  "v7_a3": {
    "0.0": {
      "mAP50": 0.27174985884899866
    },
    "0.05": {
      "mAP50": 0.26800882144687055
    },
    "0.1": {
      "mAP50": 0.2619550711661443
    },
    "0.15": {
      "mAP50": 0.2549352625250519
    },
    "0.2": {
      "mAP50": 0.25203999953199463
    },
    "0.25": {
      "mAP50": 0.2626535490596229
    },
    "0.3": {
      "mAP50": 0.16854691572487202
    }
  }
}