{
  "baseline": 0.4283013914955197,
  "snn_v6d2c_no_adabn": {
    "0.0": {
      "mAP50": 0.21572599251479724,
      "tx_rate": 0.7486772537231445
    },
    "0.05": {
      "mAP50": 0.22714417040408394,
      "tx_rate": 0.7486772537231445
    },
    "0.1": {
      "mAP50": 0.21709931855841905,
      "tx_rate": 0.7486772537231445
    },
    "0.15": {
      "mAP50": 0.23340905774727466,
      "tx_rate": 0.7486772537231445
    },
    "0.2": {
      "mAP50": 0.22349179021235463,
      "tx_rate": 0.7486772537231445
    },
    "0.25": {
      "mAP50": 0.1860903840047269,
      "tx_rate": 0.7486772537231445
    },
    "0.3": {
      "mAP50": 0.2122591710008692,
      "tx_rate": 0.7486772537231445
    }
  }
}