{
  "rho=0.5_ber=0.0": {
    "learned": 95.42,
    "uniform": 95.56,
    "random_mean": 95.262,
    "random_std": 0.11766052864066098,
    "random_all": [
      95.32,
      95.3,
      95.3,
      95.2,
      95.3,
      95.16,
      95.32,
      95.24,
      95.04,
      95.38,
      95.12,
      95.16,
      95.22,
      95.56,
      95.22,
      95.12,
      95.16,
      95.16,
      95.38,
      95.2,
      95.36,
      95.26,
      95.26,
      95.0,
      95.16,
      95.46,
      95.12,
      95.1,
      95.24,
      95.36,
      95.36,
      95.26,
      95.32,
      95.44,
      95.4,
      95.3,
      95.1,
      95.24,
      95.36,
      95.24,
      95.36,
      95.18,
      95.26,
      95.2,
      95.42,
      95.24,
      95.46,
      95.38,
      95.08,
      95.32
    ],
    "delta_rand": 0.15800000000000125
  },
  "rho=0.5_ber=0.3": {
    "learned": 93.44,
    "uniform": 92.36,
    "random_mean": 91.9516,
    "random_std": 0.16361369135863896,
    "random_all": [
      92.3,
      91.86,
      92.0,
      91.86,
      92.1,
      91.88,
      92.1,
      91.9,
      91.9,
      92.12,
      92.02,
      92.14,
      91.98,
      92.12,
      92.04,
      92.1,
      91.78,
      91.9,
      91.88,
      91.88,
      92.26,
      91.94,
      91.9,
      92.02,
      91.98,
      92.28,
      91.94,
      91.76,
      91.82,
      91.96,
      92.02,
      91.74,
      91.9,
      92.1,
      91.88,
      92.1,
      91.82,
      91.58,
      91.82,
      91.78,
      91.92,
      92.16,
      91.8,
      91.88,
      91.84,
      92.32,
      92.04,
      91.66,
      91.68,
      91.82
    ],
    "delta_rand": 1.4883999999999986
  },
  "rho=0.75_ber=0.0": {
    "learned": 95.42,
    "uniform": 95.52,
    "random_mean": 95.3276,
    "random_std": 0.07640837650414997,
    "random_all": [
      95.36,
      95.4,
      95.38,
      95.34,
      95.26,
      95.34,
      95.3,
      95.4,
      95.32,
      95.34,
      95.26,
      95.14,
      95.36,
      95.34,
      95.26,
      95.26,
      95.18,
      95.28,
      95.4,
      95.28,
      95.42,
      95.28,
      95.26,
      95.3,
      95.3,
      95.44,
      95.32,
      95.24,
      95.36,
      95.36,
      95.38,
      95.42,
      95.32,
      95.36,
      95.34,
      95.44,
      95.58,
      95.32,
      95.16,
      95.38,
      95.32,
      95.3,
      95.32,
      95.32,
      95.3,
      95.32,
      95.38,
      95.28,
      95.22,
      95.44
    ],
    "delta_rand": 0.09239999999999782
  },
  "rho=0.75_ber=0.3": {
    "learned": 93.5,
    "uniform": 93.34,
    "random_mean": 93.21080000000002,
    "random_std": 0.10985153617496574,
    "random_all": [
      93.36,
      93.4,
      93.36,
      93.12,
      93.42,
      93.22,
      93.12,
      93.2,
      93.06,
      93.2,
      93.32,
      93.18,
      93.24,
      92.98,
      93.24,
      93.36,
      93.28,
      93.5,
      93.2,
      93.06,
      93.14,
      93.18,
      93.32,
      93.06,
      93.14,
      93.28,
      93.1,
      93.2,
      93.3,
      93.24,
      93.2,
      93.18,
      93.18,
      93.1,
      93.32,
      93.34,
      93.1,
      93.2,
      93.28,
      93.16,
      93.08,
      93.24,
      93.14,
      93.22,
      92.98,
      93.26,
      93.12,
      93.32,
      93.2,
      93.14
    ],
    "delta_rand": 0.2891999999999797
  }
}