{
  "AID": {
    "0.0": {
      "bsc": 91.98,
      "awgn": 91.98,
      "rayleigh": 91.98,
      "awgn_snr": 99,
      "ray_snr": 99
    },
    "0.05": {
      "bsc": 88.46,
      "awgn": 88.82,
      "rayleigh": 88.8,
      "awgn_snr": 1.312245179224173,
      "ray_snr": 6.297314179258208
    },
    "0.1": {
      "bsc": 84.16,
      "awgn": 83.48,
      "rayleigh": 83.72,
      "awgn_snr": -0.855578246727321,
      "ray_snr": 2.4987747321660017
    },
    "0.15": {
      "bsc": 76.84,
      "awgn": 76.62,
      "rayleigh": 77.18,
      "awgn_snr": -2.6994720432832957,
      "ray_snr": -0.17374096069422792
    },
    "0.2": {
      "bsc": 66.32,
      "awgn": 65.94,
      "rayleigh": 65.84,
      "awgn_snr": -4.507966278164718,
      "ray_snr": -2.4987747321659985
    },
    "0.25": {
      "bsc": 51.48,
      "awgn": 52.52,
      "rayleigh": 51.7,
      "awgn_snr": -6.430792869575641,
      "ray_snr": -4.771212547196625
    },
    "0.3": {
      "bsc": 36.12,
      "awgn": 36.38,
      "rayleigh": 36.98,
      "awgn_snr": -8.617037804052938,
      "ray_snr": -7.201593034059568
    }
  },
  "RESISC45": {
    "0.0": {
      "bsc": 82.23015873015873,
      "awgn": 82.23015873015873,
      "rayleigh": 82.23015873015873,
      "awgn_snr": 99,
      "ray_snr": 99
    },
    "0.05": {
      "bsc": 74.73015873015873,
      "awgn": 74.55952380952381,
      "rayleigh": 74.73809523809524,
      "awgn_snr": 1.312245179224173,
      "ray_snr": 6.297314179258208
    },
    "0.1": {
      "bsc": 65.58333333333333,
      "awgn": 65.4920634920635,
      "rayleigh": 65.34126984126983,
      "awgn_snr": -0.855578246727321,
      "ray_snr": 2.4987747321660017
    },
    "0.15": {
      "bsc": 54.773809523809526,
      "awgn": 54.67063492063492,
      "rayleigh": 54.38095238095238,
      "awgn_snr": -2.6994720432832957,
      "ray_snr": -0.17374096069422792
    },
    "0.2": {
      "bsc": 43.111111111111114,
      "awgn": 42.773809523809526,
      "rayleigh": 43.12698412698413,
      "awgn_snr": -4.507966278164718,
      "ray_snr": -2.4987747321659985
    },
    "0.25": {
      "bsc": 31.273809523809526,
      "awgn": 31.28968253968254,
      "rayleigh": 31.33730158730159,
      "awgn_snr": -6.430792869575641,
      "ray_snr": -4.771212547196625
    },
    "0.3": {
      "bsc": 20.892857142857142,
      "awgn": 20.996031746031747,
      "rayleigh": 21.126984126984127,
      "awgn_snr": -8.617037804052938,
      "ray_snr": -7.201593034059568
    }
  }
}