{
  "aid": {
    "bsc": {
      "params": [
        0.0,
        0.01,
        0.05,
        0.1,
        0.15,
        0.2,
        0.25,
        0.3,
        0.35,
        0.4
      ],
      "results": {
        "0.0": 95.42,
        "0.01": 95.46,
        "0.05": 95.64,
        "0.1": 95.7,
        "0.15": 95.72,
        "0.2": 95.76,
        "0.25": 95.16,
        "0.3": 93.34,
        "0.35": 74.04,
        "0.4": 17.98
      }
    },
    "awgn": {
      "params": [
        20,
        10,
        5,
        2,
        0,
        -2,
        -4,
        -6,
        -8,
        -10
      ],
      "results": {
        "20": {
          "acc": 95.42,
          "eq_ber": 1.0442437918812723e-45
        },
        "10": {
          "acc": 95.42,
          "eq_ber": 3.872108215522035e-06
        },
        "5": {
          "acc": 95.46,
          "eq_ber": 0.005953867147778662
        },
        "2": {
          "acc": 95.58,
          "eq_ber": 0.03750612835892598
        },
        "0": {
          "acc": 95.6,
          "eq_ber": 0.07864960352514258
        },
        "-2": {
          "acc": 95.74,
          "eq_ber": 0.13064448852282917
        },
        "-4": {
          "acc": 95.74,
          "eq_ber": 0.186113817483389
        },
        "-6": {
          "acc": 95.46,
          "eq_ber": 0.23922871076767194
        },
        "-8": {
          "acc": 94.36,
          "eq_ber": 0.2867145275814431
        },
        "-10": {
          "acc": 87.64,
          "eq_ber": 0.32736042300928847
        }
      }
    },
    "rayleigh": {
      "params": [
        20,
        10,
        5,
        2,
        0,
        -2,
        -4,
        -6,
        -8,
        -10
      ],
      "results": {
        "20": {
          "acc": 95.4,
          "eq_ber": 0.0024814048950054235
        },
        "10": {
          "acc": 95.6,
          "eq_ber": 0.023268705377203824
        },
        "5": {
          "acc": 95.58,
          "eq_ber": 0.06418268544952299
        },
        "2": {
          "acc": 95.72,
          "eq_ber": 0.10848473204958436
        },
        "0": {
          "acc": 95.8,
          "eq_ber": 0.1464466094067262
        },
        "-2": {
          "acc": 95.74,
          "eq_ber": 0.18900836834134227
        },
        "-4": {
          "acc": 95.36,
          "eq_ber": 0.2331914314762355
        },
        "-6": {
          "acc": 94.62,
          "eq_ber": 0.27596874720638764
        },
        "-8": {
          "acc": 91.26,
          "eq_ber": 0.31506292380703516
        },
        "-10": {
          "acc": 74.46,
          "eq_ber": 0.3492443277111182
        }
      }
    },
    "matched_ber": {
      "0.01": {
        "bsc_acc": 95.46,
        "awgn_snr": 4.323193206323115,
        "awgn_acc": 95.52,
        "ray_snr": 13.847569654594764,
        "ray_acc": 95.44
      },
      "0.05": {
        "bsc_acc": 95.64,
        "awgn_snr": 1.312245179224173,
        "awgn_acc": 95.56,
        "ray_snr": 6.297314179258208,
        "ray_acc": 95.66
      },
      "0.1": {
        "bsc_acc": 95.7,
        "awgn_snr": -0.855578246727321,
        "awgn_acc": 95.66,
        "ray_snr": 2.4987747321660017,
        "ray_acc": 95.7
      },
      "0.15": {
        "bsc_acc": 95.72,
        "awgn_snr": -2.6994720432832957,
        "awgn_acc": 95.72,
        "ray_snr": -0.17374096069422792,
        "ray_acc": 95.9
      },
      "0.2": {
        "bsc_acc": 95.76,
        "awgn_snr": -4.507966278164718,
        "awgn_acc": 95.62,
        "ray_snr": -2.4987747321659985,
        "ray_acc": 95.7
      },
      "0.25": {
        "bsc_acc": 95.16,
        "awgn_snr": -6.430792869575641,
        "awgn_acc": 95.2,
        "ray_snr": -4.771212547196625,
        "ray_acc": 95.28
      },
      "0.3": {
        "bsc_acc": 93.34,
        "awgn_snr": -8.617037804052938,
        "awgn_acc": 93.46,
        "ray_snr": -7.201593034059568,
        "ray_acc": 93.5
      }
    }
  },
  "resisc45": {
    "bsc": {
      "params": [
        0.0,
        0.01,
        0.05,
        0.1,
        0.15,
        0.2,
        0.25,
        0.3,
        0.35,
        0.4
      ],
      "results": {
        "0.0": 92.01190476190476,
        "0.01": 92.0515873015873,
        "0.05": 92.14682539682539,
        "0.1": 92.30952380952381,
        "0.15": 92.42063492063492,
        "0.2": 92.30952380952381,
        "0.25": 91.29761904761905,
        "0.3": 86.98015873015873,
        "0.35": 55.6468253968254,
        "0.4": 10.448412698412698
      }
    },
    "awgn": {
      "params": [
        20,
        10,
        5,
        2,
        0,
        -2,
        -4,
        -6,
        -8,
        -10
      ],
      "results": {
        "20": {
          "acc": 92.01190476190476,
          "eq_ber": 1.0442437918812723e-45
        },
        "10": {
          "acc": 92.01587301587301,
          "eq_ber": 3.872108215522035e-06
        },
        "5": {
          "acc": 92.0436507936508,
          "eq_ber": 0.005953867147778662
        },
        "2": {
          "acc": 92.09920634920636,
          "eq_ber": 0.03750612835892598
        },
        "0": {
          "acc": 92.27777777777777,
          "eq_ber": 0.07864960352514258
        },
        "-2": {
          "acc": 92.32936507936508,
          "eq_ber": 0.13064448852282917
        },
        "-4": {
          "acc": 92.36904761904762,
          "eq_ber": 0.186113817483389
        },
        "-6": {
          "acc": 91.69444444444444,
          "eq_ber": 0.23922871076767194
        },
        "-8": {
          "acc": 88.96428571428571,
          "eq_ber": 0.2867145275814431
        },
        "-10": {
          "acc": 76.65079365079364,
          "eq_ber": 0.32736042300928847
        }
      }
    },
    "rayleigh": {
      "params": [
        20,
        10,
        5,
        2,
        0,
        -2,
        -4,
        -6,
        -8,
        -10
      ],
      "results": {
        "20": {
          "acc": 92.03174603174604,
          "eq_ber": 0.0024814048950054235
        },
        "10": {
          "acc": 92.07936507936508,
          "eq_ber": 0.023268705377203824
        },
        "5": {
          "acc": 92.23015873015873,
          "eq_ber": 0.06418268544952299
        },
        "2": {
          "acc": 92.29761904761905,
          "eq_ber": 0.10848473204958436
        },
        "0": {
          "acc": 92.42857142857143,
          "eq_ber": 0.1464466094067262
        },
        "-2": {
          "acc": 92.28174603174604,
          "eq_ber": 0.18900836834134227
        },
        "-4": {
          "acc": 91.84126984126983,
          "eq_ber": 0.2331914314762355
        },
        "-6": {
          "acc": 89.98809523809524,
          "eq_ber": 0.27596874720638764
        },
        "-8": {
          "acc": 82.5952380952381,
          "eq_ber": 0.31506292380703516
        },
        "-10": {
          "acc": 56.49603174603175,
          "eq_ber": 0.3492443277111182
        }
      }
    },
    "matched_ber": {
      "0.01": {
        "bsc_acc": 92.0515873015873,
        "awgn_snr": 4.323193206323115,
        "awgn_acc": 92.03174603174604,
        "ray_snr": 13.847569654594764,
        "ray_acc": 92.01984126984127
      },
      "0.05": {
        "bsc_acc": 92.14682539682539,
        "awgn_snr": 1.312245179224173,
        "awgn_acc": 92.16666666666667,
        "ray_snr": 6.297314179258208,
        "ray_acc": 92.16666666666667
      },
      "0.1": {
        "bsc_acc": 92.30952380952381,
        "awgn_snr": -0.855578246727321,
        "awgn_acc": 92.27380952380952,
        "ray_snr": 2.4987747321660017,
        "ray_acc": 92.33730158730158
      },
      "0.15": {
        "bsc_acc": 92.42063492063492,
        "awgn_snr": -2.6994720432832957,
        "awgn_acc": 92.39285714285714,
        "ray_snr": -0.17374096069422792,
        "ray_acc": 92.4047619047619
      },
      "0.2": {
        "bsc_acc": 92.30952380952381,
        "awgn_snr": -4.507966278164718,
        "awgn_acc": 92.2936507936508,