{
  "aid": {
    "bsc": {
      "params": [
        0.0,
        0.01,
        0.05,
        0.1,
        0.15,
        0.2,
        0.25,
        0.3,
        0.35,
        0.4
      ],
      "results": {
        "0.0": 95.42,
        "0.01": 95.5,
        "0.05": 95.54,
        "0.1": 95.66,
        "0.15": 95.68,
        "0.2": 95.56,
        "0.25": 95.12,
        "0.3": 93.38,
        "0.35": 73.96,
        "0.4": 18.02
      }
    },
    "awgn": {
      "params": [
        20,
        10,
        5,
        2,
        0,
        -2,
        -4,
        -6,
        -8,
        -10
      ],
      "results": {
        "20": {
          "acc": 95.42,
          "eq_ber": 1.0442437918812723e-45
        },
        "10": {
          "acc": 95.42,
          "eq_ber": 3.872108215522035e-06
        },
        "5": {
          "acc": 95.48,
          "eq_ber": 0.005953867147778662
        },
        "2": {
          "acc": 95.58,
          "eq_ber": 0.03750612835892598
        },
        "0": {
          "acc": 95.68,
          "eq_ber": 0.07864960352514258
        },
        "-2": {
          "acc": 95.76,
          "eq_ber": 0.13064448852282917
        },
        "-4": {
          "acc": 95.74,
          "eq_ber": 0.186113817483389
        },
        "-6": {
          "acc": 95.36,
          "eq_ber": 0.23922871076767194
        },
        "-8": {
          "acc": 94.32,
          "eq_ber": 0.2867145275814431
        },
        "-10": {
          "acc": 87.68,
          "eq_ber": 0.32736042300928847
        }
      }
    },
    "rayleigh": {
      "params": [
        20,
        10,
        5,
        2,
        0,
        -2,
        -4,
        -6,
        -8,
        -10
      ],
      "results": {
        "20": {
          "acc": 95.42,
          "eq_ber": 0.0024814048950054235
        },
        "10": {
          "acc": 95.52,
          "eq_ber": 0.023268705377203824
        },
        "5": {
          "acc": 95.58,
          "eq_ber": 0.06418268544952299
        },
        "2": {
          "acc": 95.72,
          "eq_ber": 0.10848473204958436
        },
        "0": {
          "acc": 95.78,
          "eq_ber": 0.1464466094067262
        },
        "-2": {
          "acc": 95.8,
          "eq_ber": 0.18900836834134227
        },
        "-4": {
          "acc": 95.5,
          "eq_ber": 0.2331914314762355
        },
        "-6": {
          "acc": 94.76,
          "eq_ber": 0.27596874720638764
        },
        "-8": {
          "acc": 91.06,
          "eq_ber": 0.31506292380703516
        },
        "-10": {
          "acc": 74.72,
          "eq_ber": 0.3492443277111182
        }
      }
    },
    "bec": {
      "params": [
        0.0,
        0.01,
        0.05,
        0.1,
        0.15,
        0.2,
        0.25,
        0.3,
        0.35,
        0.4
      ],
      "results": {
        "0.0": 95.42,
        "0.01": 95.42,
        "0.05": 95.48,
        "0.1": 95.52,
        "0.15": 95.56,
        "0.2": 95.44,
        "0.25": 95.46,
        "0.3": 95.54,
        "0.35": 95.44,
        "0.4": 95.54
      }
    },
    "matched_ber": {
      "0.01": {
        "bsc_acc": 95.5,
        "awgn_snr": 4.323193206323115,
        "awgn_acc": 95.46,
        "ray_snr": 13.847569654594764,
        "ray_acc": 95.5,
        "bec_acc": 95.42
      },
      "0.05": {
        "bsc_acc": 95.54,
        "awgn_snr": 1.312245179224173,
        "awgn_acc": 95.68,
        "ray_snr": 6.297314179258208,
        "ray_acc": 95.6,
        "bec_acc": 95.48
      },
      "0.1": {
        "bsc_acc": 95.66,
        "awgn_snr": -0.855578246727321,
        "awgn_acc": 95.62,
        "ray_snr": 2.4987747321660017,
        "ray_acc": 95.72,
        "bec_acc": 95.52
      },
      "0.15": {
        "bsc_acc": 95.68,
        "awgn_snr": -2.6994720432832957,
        "awgn_acc": 95.82,
        "ray_snr": -0.17374096069422792,
        "ray_acc": 95.84,
        "bec_acc": 95.56
      },
      "0.2": {
        "bsc_acc": 95.56,
        "awgn_snr": -4.507966278164718,
        "awgn_acc": 95.76,
        "ray_snr": -2.4987747321659985,
        "ray_acc": 95.68,
        "bec_acc": 95.44
      },
      "0.25": {
        "bsc_acc": 95.12,
        "awgn_snr": -6.430792869575641,
        "awgn_acc": 95.26,
        "ray_snr": -4.771212547196625,
        "ray_acc": 95.22,
        "bec_acc": 95.46
      },
      "0.3": {
        "bsc_acc": 93.38,
        "awgn_snr": -8.617037804052938,
        "awgn_acc": 93.34,
        "ray_snr": -7.201593034059568,
        "ray_acc": 93.4,
        "bec_acc": 95.54
      }
    }
  },
  "resisc45": {
    "bsc": {
      "params": [
        0.0,
        0.01,
        0.05,
        0.1,
        0.15,
        0.2,
        0.25,
        0.3,
        0.35,
        0.4
      ],
      "results": {
        "0.0": 92.60714285714286,
        "0.01": 92.63095238095238,
        "0.05": 92.61507936507937,
        "0.1": 92.62301587301587,
        "0.15": 92.61904761904762,
        "0.2": 92.28571428571429,
        "0.25": 91.21031746031746,
        "0.3": 84.90079365079364,
        "0.35": 47.226190476190474,
        "0.4": 10.428571428571429
      }
    },
    "awgn": {
      "params": [
        20,
        10,
        5,
        2,
        0,
        -2,
        -4,
        -6,
        -8,
        -10
      ],
      "results": {
        "20": {
          "acc": 92.60714285714286,
          "eq_ber": 1.0442437918812723e-45
        },
        "10": {
          "acc": 92.61111111111111,
          "eq_ber": 3.872108215522035e-06
        },
        "5": {
          "acc": 92.63492063492063,
          "eq_ber": 0.005953867147778662
        },
        "2": {
          "acc": 92.65079365079364,
          "eq_ber": 0.03750612835892598
        },
        "0": {
          "acc": 92.60714285714286,
          "eq_ber": 0.07864960352514258
        },
        "-2": {
          "acc": 92.61507936507937,
          "eq_ber": 0.13064448852282917
        },
        "-4": {
          "acc": 92.44444444444444,
          "eq_ber": 0.186113817483389
        },
        "-6": {
          "acc": 91.46031746031746,
          "eq_ber": 0.23922871076767194
        },
        "-8": {
          "acc": 87.67063492063492,
          "eq_ber": 0.2867145275814431
        },
        "-10": {
          "acc": 70.53968253968254,
          "eq_ber": 0.32736042300928847
        }
      }
    },
    "rayleigh": {
      "params": [
        20,
        10,
        5,
        2,
        0,
        -2,
        -4,
        -6,
        -8,
        -10
      ],
      "results": {
        "20": {
          "acc": 92.59920634920636,
          "eq_ber": 0.0024814048950054235
        },
        "10": {
          "acc": 92.59126984126983,
          "eq_ber": 0.023268705377203824
        },
        "5": {
          "acc": 92.69047619047619,
          "eq_ber": 0.06418268544952299
        },
        "2": {
          "acc": 92.52777777777777,
          "eq_ber": 0.10848473204958436
        },
        "0": {
          "acc": 92.60317460317461,
          "eq_ber": 0.1464466094067262
        },
        "-2": {
          "acc": 92.38492063492063,
          "eq_ber": 0.18900836834134227
        },
        "-4": {
          "acc": 91.63095238095238,
          "eq_ber": 0.2331914314762355
        },
        "-6": {
          "acc": 89.33730158730158,
          "eq_ber": 0.27596874720638764
        },
        "-8": {
          "acc": 78.71825396825396,
          "eq_ber": 0.31506292380703516
        },
        "-10": {
          "acc": 47.714285714285715,
          "eq_ber": 0.3492443277111182
        }
      }
    },
    "bec": {
      "params": [
        0.0,
        0.01,
        0.05,
        0.1,
        0.15,
        0.2,
        0.25,
        0.3,
        0.35,
        0.4
      ],
      "results": {
        "0.0": 92.60714285714286,
        "0.01": 92.60714285714286,
        "0.05": 92.60317460317461,
        "0.1": 92.5436507936508,
        "0.15": 92.51190476190476,
        "0.2": 92.52777777777777,