{
  "ber_0.0": {
    "snn_only": 0.33966345296890843,
    "snn_se": 0.32694788738752134,
    "v8a_full": 0.33165782063858973
  },
  "ber_0.2": {
    "snn_only": 0.32757671811783157,
    "snn_se": 0.3237690991980082,
    "v8a_full": 0.3303111028730187
  },
  "ber_0.3": {
    "snn_only": 0.2920317318695293,
    "snn_se": 0.2861497823605033,
    "v8a_full": 0.30570956057044835
  }
}