{
  "class_names": [
    "plane",
    "ship",
    "storage tank",
    "baseball diamond",
    "tennis court",
    "basketball court",
    "ground track field",
    "harbor",
    "bridge",
    "large vehicle",
    "small vehicle",
    "helicopter",
    "roundabout",
    "soccer ball field",
    "swimming pool"
  ],
  "baseline": [
    0.4407266915338107,
    0.1288124024683411,
    0.09975500172358473,
    0.42657263945705043,
    0.8378572109453646,
    0.3686679770081488,
    0.3736050175693068,
    0.2724690947486346,
    0.027220410631441906,
    0.4572574906552659,
    0.20572527624054343,
    0.1569187427876528,
    0.14726165196879257,
    0.35320674483433584,
    0.06976189286888383
  ],
  "v8a_clean": [
    0.4202782415127649,
    0.05237696484233809,
    0.052670309626058655,
    0.32234867530191114,
    0.8329189550158966,
    0.2692030271090882,
    0.2691852291276043,
    0.1949034296737508,
    0.004321076368875352,
    0.2588198300384673,
    0.11503219757296448,
    0.11072485258167915,
    0.0771560234068048,
    0.2603724411975209,
    0.04137474124037171
  ],
  "v8a_ber020": [
    0.4487859796197089,
    0.048402065948367205,
    0.06283600525943883,
    0.32236865665111647,
    0.8257531755802537,
    0.3017832621197601,
    0.25371057428980803,
    0.1851154369931909,
    0.006026181182949074,
    0.27552040333373656,
    0.10877899181760349,
    0.14096866722383034,
    0.0746208663756847,
    0.26571679286930106,
    0.022609214227036656
  ]
}