{
  "class_names": [
    "plane",
    "ship",
    "storage tank",
    "baseball diamond",
    "tennis court",
    "basketball court",
    "ground track field",
    "harbor",
    "bridge",
    "large vehicle",
    "small vehicle",
    "helicopter",
    "roundabout",
    "soccer ball field",
    "swimming pool"
  ],
  "clean": [
    0.4202782415127649,
    0.05237696484233809,
    0.052670309626058655,
    0.32234867530191114,
    0.8329189550158966,
    0.2692030271090882,
    0.2691852291276043,
    0.1949034296737508,
    0.004321076368875352,
    0.2588198300384673,
    0.11503219757296448,
    0.11072485258167915,
    0.0771560234068048,
    0.2603724411975209,
    0.04137474124037171
  ],
  "ber020": [
    0.44440131863240506,
    0.04812831339730722,
    0.061224617538050106,
    0.3216909644298654,
    0.821146914656597,
    0.3035116118152789,
    0.2619084185812136,
    0.18257133613110027,
    0.0068649830766407596,
    0.27287773724040315,
    0.10874823514483008,
    0.1186026226512185,
    0.08177769706939621,
    0.2734546746152027,
    0.019603306602830183
  ]
}