{
  "spikeadapt_sc": {
    "0.0": {
      "mean": 95.46,
      "std": 0.0
    },
    "0.01": {
      "mean": 95.516,
      "std": 0.023323807579382412
    },
    "0.05": {
      "mean": 95.588,
      "std": 0.051536394906899735
    },
    "0.1": {
      "mean": 95.708,
      "std": 0.06399999999999757
    },
    "0.15": {
      "mean": 95.73999999999998,
      "std": 0.052153619241620625
    },
    "0.2": {
      "mean": 95.72,
      "std": 0.04381780460041495
    },
    "0.25": {
      "mean": 95.212,
      "std": 0.09173875952943929
    },
    "0.3": {
      "mean": 93.36800000000001,
      "std": 0.05306599664568612
    },
    "0.35": {
      "mean": 73.836,
      "std": 0.19815145722401253
    },
    "0.4": {
      "mean": 18.264,
      "std": 0.0542586398650024
    }
  },
  "snn_sc": {
    "0.0": {
      "mean": 95.4,
      "std": 0.0
    },
    "0.01": {
      "mean": 95.34,
      "std": 0.04381780460041495
    },
    "0.05": {
      "mean": 95.34,
      "std": 0.04195235392680856
    },
    "0.1": {
      "mean": 95.172,
      "std": 0.07222188034107348
    },
    "0.15": {
      "mean": 94.852,
      "std": 0.08447484832777112
    },
    "0.2": {
      "mean": 94.27199999999999,
      "std": 0.04664761515875946
    },
    "0.25": {
      "mean": 92.056,
      "std": 0.1498799519615658
    },
    "0.3": {
      "mean": 82.48400000000001,
      "std": 0.22817537115122502
    },
    "0.35": {
      "mean": 46.220000000000006,
      "std": 0.24625190354594212
    },
    "0.4": {
      "mean": 25.696000000000005,
      "std": 0.10071742649611334
    }
  }
}