{
  "AID": {
    "SpikeAdapt-SC": {
      "0.0": 95.46,
      "0.05": 95.63199999999999,
      "0.1": 95.66,
      "0.15": 95.776,
      "0.2": 95.696,
      "0.25": 95.15599999999999,
      "0.3": 93.428
    },
    "SNN-SC": {
      "0.0": 95.4,
      "0.05": 95.392,
      "0.1": 95.208,
      "0.15": 94.864,
      "0.2": 94.28800000000001,
      "0.25": 92.22399999999999,
      "0.3": 82.416
    },
    "CNN-Uni": {
      "0.0": 91.78,
      "0.05": 91.9,
      "0.1": 90.82,
      "0.15": 88.46,
      "0.2": 83.4,
      "0.25": 72.96,
      "0.3": 52.8
    },
    "CNN-NonUni": {
      "0.0": 91.74,
      "0.05": 91.5,
      "0.1": 90.5,
      "0.15": 89.0,
      "0.2": 85.56,
      "0.25": 78.68,
      "0.3": 63.58
    },
    "CNN-1bit": {
      "0.0": 95.32,
      "0.05": 95.14,
      "0.1": 95.08,
      "0.15": 94.94,
      "0.2": 94.2,
      "0.25": 93.0,
      "0.3": 87.56
    },
    "MLP-FC": {
      "0.0": 91.98,
      "0.05": 88.46,
      "0.1": 84.16,
      "0.15": 76.84,
      "0.2": 66.32,
      "0.25": 51.48,
      "0.3": 36.12
    },
    "JPEG+Conv": {
      "0.0": 95.16,
      "0.05": 2.66,
      "0.1": 2.68,
      "0.15": 2.68,
      "0.2": 2.68,
      "0.25": 2.68,
      "0.3": 2.68
    }
  },
  "RESISC45": {
    "SpikeAdapt-SC": {
      "0.0": 91.9920634920635,
      "0.05": 92.14047619047619,
      "0.1": 92.33571428571429,
      "0.15": 92.41587301587302,
      "0.2": 92.26031746031745,
      "0.25": 91.37698412698413,
      "0.3": 87.00396825396825
    },
    "SNN-SC": {
      "0.0": 92.39285714285714,
      "0.05": 92.43174603174603,
      "0.1": 92.3452380952381,
      "0.15": 92.12301587301587,
      "0.2": 91.51190476190476,
      "0.25": 89.6015873015873,
      "0.3": 80.54761904761905
    },
    "CNN-Uni": {
      "0.0": 78.31746031746032,
      "0.05": 81.37698412698413,
      "0.1": 82.67857142857143,
      "0.15": 81.20238095238095,
      "0.2": 76.99603174603175,
      "0.25": 67.09920634920636,
      "0.3": 49.317460317460316
    },
    "CNN-NonUni": {
      "0.0": 78.32142857142857,
      "0.05": 78.63095238095238,
      "0.1": 77.96031746031746,
      "0.15": 76.42063492063492,
      "0.2": 72.21428571428571,
      "0.25": 64.45238095238095,
      "0.3": 50.76984126984127
    },
    "CNN-1bit": {
      "0.0": 91.48,
      "0.05": 91.54,
      "0.1": 91.51,
      "0.15": 91.34,
      "0.2": 90.91,
      "0.25": 89.51,
      "0.3": 85.19
    },
    "MLP-FC": {
      "0.0": 82.23015873015873,
      "0.05": 74.73015873015873,
      "0.1": 65.58333333333333,
      "0.15": 54.773809523809526,
      "0.2": 43.111111111111114,
      "0.25": 31.273809523809526,
      "0.3": 20.892857142857142
    },
    "JPEG+Conv": {
      "0.0": 93.55,
      "0.05": 1.8,
      "0.1": 1.8,
      "0.15": 1.8,
      "0.2": 1.8,
      "0.25": 1.8,
      "0.3": 1.8
    }
  }
}