{
  "aid": {
    "spikeadapt_sc": {
      "0.0": {
        "mean": 95.46,
        "std": 0.0
      },
      "0.05": {
        "mean": 95.63199999999999,
        "std": 0.015999999999996815
      },
      "0.1": {
        "mean": 95.66,
        "std": 0.04195235392680449
      },
      "0.15": {
        "mean": 95.776,
        "std": 0.040792156108739465
      },
      "0.2": {
        "mean": 95.696,
        "std": 0.04270831300812713
      },
      "0.25": {
        "mean": 95.15599999999999,
        "std": 0.0966643677887564
      },
      "0.3": {
        "mean": 93.428,
        "std": 0.02993325909419013
      }
    },
    "snn_sc": {
      "0.0": {
        "mean": 95.4,
        "std": 0.0
      },
      "0.05": {
        "mean": 95.392,
        "std": 0.041182520563950574
      },
      "0.1": {
        "mean": 95.208,
        "std": 0.0765245058788344
      },
      "0.15": {
        "mean": 94.864,
        "std": 0.08890444308357029
      },
      "0.2": {
        "mean": 94.28800000000001,
        "std": 0.06399999999999757
      },
      "0.25": {
        "mean": 92.22399999999999,
        "std": 0.14934523762075838
      },
      "0.3": {
        "mean": 82.416,
        "std": 0.19241621553289237
      }
    }
  },
  "resisc45": {
    "spikeadapt_sc": {
      "0.0": {
        "mean": 91.9920634920635,
        "std": 0.0
      },
      "0.05": {
        "mean": 92.14047619047619,
        "std": 0.028127055788361905
      },
      "0.1": {
        "mean": 92.33571428571429,
        "std": 0.022250548839486423
      },
      "0.15": {
        "mean": 92.41587301587302,
        "std": 0.024641547136920378
      },
      "0.2": {
        "mean": 92.26031746031745,
        "std": 0.020481726826290285
      },
      "0.25": {
        "mean": 91.37698412698413,
        "std": 0.012036310228650518
      },
      "0.3": {
        "mean": 87.00396825396825,
        "std": 0.07633088913361459
      }
    },
    "snn_sc": {
      "0.0": {
        "mean": 92.39285714285714,
        "std": 0.0
      },
      "0.05": {
        "mean": 92.43174603174603,
        "std": 0.005832118435196717
      },
      "0.1": {
        "mean": 92.3452380952381,
        "std": 0.026441795633265694
      },
      "0.15": {
        "mean": 92.12301587301587,
        "std": 0.01645749313755794
      },
      "0.2": {
        "mean": 91.51190476190476,
        "std": 0.041920992527760235
      },
      "0.25": {
        "mean": 89.6015873015873,
        "std": 0.054386799044479454
      },
      "0.3": {
        "mean": 80.54761904761905,
        "std": 0.10163689265766424
      }
    }
  }
}