{
  "AID": {
    "CNN-Uni": {
      "bsc": {
        "0.0": 91.78,
        "0.05": 91.9,
        "0.1": 90.82,
        "0.15": 88.46,
        "0.2": 83.4,
        "0.25": 72.96,
        "0.3": 52.8
      },
      "awgn": {
        "0.0": 91.78,
        "0.05": 91.66,
        "0.1": 90.88,
        "0.15": 88.58,
        "0.2": 83.38,
        "0.25": 73.38,
        "0.3": 53.22
      },
      "rayleigh": {
        "0.0": 91.78,
        "0.05": 91.6,
        "0.1": 90.74,
        "0.15": 88.64,
        "0.2": 83.42,
        "0.25": 72.78,
        "0.3": 53.0
      },
      "matched_ber": {
        "0.0": {
          "bsc": 91.78,
          "awgn": 91.78,
          "rayleigh": 91.78,
          "awgn_snr": 99,
          "ray_snr": 99
        },
        "0.05": {
          "bsc": 91.9,
          "awgn": 91.66,
          "rayleigh": 91.6,
          "awgn_snr": 1.312245179224173,
          "ray_snr": 6.297314179258208
        },
        "0.1": {
          "bsc": 90.82,
          "awgn": 90.88,
          "rayleigh": 90.74,
          "awgn_snr": -0.855578246727321,
          "ray_snr": 2.4987747321660017
        },
        "0.15": {
          "bsc": 88.46,
          "awgn": 88.58,
          "rayleigh": 88.64,
          "awgn_snr": -2.6994720432832957,
          "ray_snr": -0.17374096069422792
        },
        "0.2": {
          "bsc": 83.4,
          "awgn": 83.38,
          "rayleigh": 83.42,
          "awgn_snr": -4.507966278164718,
          "ray_snr": -2.4987747321659985
        },
        "0.25": {
          "bsc": 72.96,
          "awgn": 73.38,
          "rayleigh": 72.78,
          "awgn_snr": -6.430792869575641,
          "ray_snr": -4.771212547196625
        },
        "0.3": {
          "bsc": 52.8,
          "awgn": 53.22,
          "rayleigh": 53.0,
          "awgn_snr": -8.617037804052938,
          "ray_snr": -7.201593034059568
        }
      }
    },
    "CNN-NonUni": {
      "bsc": {
        "0.0": 91.74,
        "0.05": 91.5,
        "0.1": 90.5,
        "0.15": 89.0,
        "0.2": 85.56,
        "0.25": 78.68,
        "0.3": 63.58
      },
      "awgn": {
        "0.0": 91.74,
        "0.05": 91.5,
        "0.1": 90.84,
        "0.15": 89.08,
        "0.2": 85.84,
        "0.25": 78.24,
        "0.3": 65.06
      },
      "rayleigh": {
        "0.0": 91.74,
        "0.05": 91.64,
        "0.1": 90.46,
        "0.15": 89.06,
        "0.2": 85.42,
        "0.25": 78.36,
        "0.3": 63.54
      },
      "matched_ber": {
        "0.0": {
          "bsc": 91.74,
          "awgn": 91.74,
          "rayleigh": 91.74,
          "awgn_snr": 99,
          "ray_snr": 99
        },
        "0.05": {
          "bsc": 91.5,
          "awgn": 91.5,
          "rayleigh": 91.64,
          "awgn_snr": 1.312245179224173,
          "ray_snr": 6.297314179258208
        },
        "0.1": {
          "bsc": 90.5,
          "awgn": 90.84,
          "rayleigh": 90.46,
          "awgn_snr": -0.855578246727321,
          "ray_snr": 2.4987747321660017
        },
        "0.15": {
          "bsc": 89.0,
          "awgn": 89.08,
          "rayleigh": 89.06,
          "awgn_snr": -2.6994720432832957,
          "ray_snr": -0.17374096069422792
        },
        "0.2": {
          "bsc": 85.56,
          "awgn": 85.84,
          "rayleigh": 85.42,
          "awgn_snr": -4.507966278164718,
          "ray_snr": -2.4987747321659985
        },
        "0.25": {
          "bsc": 78.68,
          "awgn": 78.24,
          "rayleigh": 78.36,
          "awgn_snr": -6.430792869575641,
          "ray_snr": -4.771212547196625
        },
        "0.3": {
          "bsc": 63.58,
          "awgn": 65.06,
          "rayleigh": 63.54,
          "awgn_snr": -8.617037804052938,
          "ray_snr": -7.201593034059568
        }
      }
    }
  },
  "RESISC45": {
    "CNN-Uni": {
      "bsc": {
        "0.0": 78.31746031746032,
        "0.05": 81.37698412698413,
        "0.1": 82.67857142857143,
        "0.15": 81.20238095238095,
        "0.2": 76.99603174603175,
        "0.25": 67.09920634920636,
        "0.3": 49.317460317460316
      },
      "awgn": {
        "0.0": 78.31746031746032,
        "0.05": 81.43650793650794,
        "0.1": 82.60714285714286,
        "0.15": 81.61111111111111,
        "0.2": 77.13095238095238,
        "0.25": 67.12301587301587,
        "0.3": 49.04365079365079
      },
      "rayleigh": {
        "0.0": 78.31746031746032,
        "0.05": 81.23015873015873,
        "0.1": 82.61111111111111,
        "0.15": 81.70238095238095,
        "0.2": 77.45238095238095,
        "0.25": 67.38888888888889,
        "0.3": 48.95634920634921
      },
      "matched_ber": {
        "0.0": {
          "bsc": 78.31746031746032,
          "awgn": 78.31746031746032,
          "rayleigh": 78.31746031746032,
          "awgn_snr": 99,
          "ray_snr": 99
        },
        "0.05": {
          "bsc": 81.37698412698413,
          "awgn": 81.43650793650794,
          "rayleigh": 81.23015873015873,
          "awgn_snr": 1.312245179224173,
          "ray_snr": 6.297314179258208
        },
        "0.1": {
          "bsc": 82.67857142857143,
          "awgn": 82.60714285714286,
          "rayleigh": 82.61111111111111,
          "awgn_snr": -0.855578246727321,
          "ray_snr": 2.4987747321660017
        },
        "0.15": {
          "bsc": 81.20238095238095,
          "awgn": 81.61111111111111,
          "rayleigh": 81.70238095238095,
          "awgn_snr": -2.6994720432832957,
          "ray_snr": -0.17374096069422792
        },
        "0.2": {
          "bsc": 76.99603174603175,
          "awgn": 77.13095238095238,
          "rayleigh": 77.45238095238095,
          "awgn_snr": -4.507966278164718,
          "ray_snr": -2.4987747321659985
        },
        "0.25": {
          "bsc": 67.09920634920636,
          "awgn": 67.12301587301587,
          "rayleigh": 67.38888888888889,
          "awgn_snr": -6.430792869575641,
          "ray_snr": -4.771212547196625
        },
        "0.3": {
          "bsc": 49.317460317460316,
          "awgn": 49.04365079365079,
          "rayleigh": 48.95634920634921,
          "awgn_snr": -8.617037804052938,
          "ray_snr": -7.201593034059568
        }
      }
    },
    "CNN-NonUni": {
      "bsc": {
        "0.0": 78.32142857142857,
        "0.05": 78.63095238095238,
        "0.1": 77.96031746031746,
        "0.15": 76.42063492063492,
        "0.2": 72.21428571428571,
        "0.25": 64.45238095238095,
        "0.3": 50.76984126984127
      },
      "awgn": {
        "0.0": 78.32142857142857,
        "0.05": 78.72222222222223,
        "0.1": 78.29761904761905,
        "0.15": 76.12301587301587,
        "0.2": 72.39285714285714,
        "0.25": 64.76587301587301,
        "0.3": 50.71031746031746
      },
      "rayleigh": {
        "0.0": 78.32142857142857,
        "0.05": 78.57936507936508,
        "0.1": 77.98809523809524,
        "0.15": 76.26984126984127,
        "0.2": 72.45238095238095,
        "0.25": 64.18253968253968,
        "0.3": 51.15079365079365
      },
      "matched_ber": {
        "0.0": {
          "bsc": 78.32142857142857,
          "awgn": 78.32142857142857,
          "rayleigh": 78.32142857142857,
          "awgn_snr": 99,
          "ray_snr": 99
        },
        "0.05": {
          "bsc": 78.63095238095238,
          "awgn": 78.72222222222223,
          "rayleigh": 78.57936507936508,
          "awgn_snr": 1.312245179224173,
          "ray_snr": 6.297314179258208
        },
        "0.1": {
          "bsc": 77.96031746031746,
          "awgn": 78.29761904761905,
          "rayleigh": 77.98809523809524,
          "awgn_snr": -0.855578246727321,
          "ray_snr": 2.4987747321660017
        },
        "0.15": {
          "bsc": 76.42063492063492,
          "awgn": 76.12301587301587,
          "rayleigh": 76.26984126984127,
          "awgn_snr": -2.6994720432832957,
          "ray_snr": -0.17374096069422792
        },
        "0.2": {
          "bsc": 72.21428571428571,
          "awgn": 72.39285714285714,