{
  "baseline": 0.4283013914955197,
  "v8_b": {
    "0.0": {
      "mAP50": 0.28081499266351867
    },
    "0.05": {
      "mAP50": 0.28179467733281205
    },
    "0.1": {
      "mAP50": 0.285216650731912
    },
    "0.15": {
      "mAP50": 0.2853042175251182
    },
    "0.2": {
      "mAP50": 0.2868208496471417
    },
    "0.25": {
      "mAP50": 0.2851080890070964
    },
    "0.3": {
      "mAP50": 0.2895002495068783
    }
  }
}