{
  "baseline": 0.4283013914955197,
  "snn_v6d2d": {
    "0.0": {
      "mAP50": 0.2582553412857098,
      "tx_rate": 0.7486772537231445
    },
    "0.05": {
      "mAP50": 0.2418344021631863,
      "tx_rate": 0.7486772537231445
    },
    "0.1": {
      "mAP50": 0.2666162925556332,
      "tx_rate": 0.7486772537231445
    },
    "0.15": {
      "mAP50": 0.26838113292575577,
      "tx_rate": 0.7486772537231445
    },
    "0.2": {
      "mAP50": 0.23405407897070596,
      "tx_rate": 0.7486772537231445
    },
    "0.25": {
      "mAP50": 0.22722569027776524,
      "tx_rate": 0.7486772537231445
    },
    "0.3": {
      "mAP50": 0.12836064278558026,
      "tx_rate": 0.7486772537231445
    }
  }
}