{
  "baseline": 0.4283013914955197,
  "snn_v6d2b": {
    "0.0": {
      "mAP50": 0.273657781121388,
      "tx_rate": 0.7486772537231445
    },
    "0.05": {
      "mAP50": 0.2549718652205198,
      "tx_rate": 0.7486772537231445
    },
    "0.1": {
      "mAP50": 0.24892322640235287,
      "tx_rate": 0.7486772537231445
    },
    "0.15": {
      "mAP50": 0.2529218945610266,
      "tx_rate": 0.7486772537231445
    },
    "0.2": {
      "mAP50": 0.2504221106183494,
      "tx_rate": 0.7486772537231445
    },
    "0.25": {
      "mAP50": 0.2797867720365647,
      "tx_rate": 0.7486772537231445
    },
    "0.3": {
      "mAP50": 0.22231530514929213,
      "tx_rate": 0.7486772537231445
    }
  }
}