{
  "baseline": 0.4283013914955197,
  "snn_v6d2c": {
    "0.0": {
      "mAP50": 0.0,
      "tx_rate": 0.7486772537231445
    },
    "0.05": {
      "mAP50": 0.0,
      "tx_rate": 0.7486772537231445
    },
    "0.1": {
      "mAP50": 0.0,
      "tx_rate": 0.7486772537231445
    },
    "0.15": {
      "mAP50": 0.0,
      "tx_rate": 0.7486772537231445
    },
    "0.2": {
      "mAP50": 0.0,
      "tx_rate": 0.7486772537231445
    },
    "0.25": {
      "mAP50": 0.0,
      "tx_rate": 0.7486772537231445
    },
    "0.3": {
      "mAP50": 0.0,
      "tx_rate": 0.7486772537231445
    }
  }
}