{
  "aid": {
    "0.1": {
      "0.0": {
        "mean": 53.88,
        "std": 0.0
      },
      "0.05": {
        "mean": 52.712,
        "std": 0.14455448799674117
      },
      "0.1": {
        "mean": 50.944,
        "std": 0.1651181395244011
      },
      "0.15": {
        "mean": 48.188,
        "std": 0.2018316129846852
      },
      "0.2": {
        "mean": 43.956,
        "std": 0.11959933110180901
      },
      "0.25": {
        "mean": 37.17999999999999,
        "std": 0.25768197453450187
      },
      "0.3": {
        "mean": 27.895999999999997,
        "std": 0.2803997146931507
      }
    },
    "0.25": {
      "0.0": {
        "mean": 64.22,
        "std": 0.0
      },
      "0.05": {
        "mean": 63.912,
        "std": 0.06997142273814114
      },
      "0.1": {
        "mean": 63.624,
        "std": 0.09748846085563038
      },
      "0.15": {
        "mean": 62.84400000000001,
        "std": 0.14051334456200257
      },
      "0.2": {
        "mean": 61.236000000000004,
        "std": 0.1689496966555425
      },
      "0.25": {
        "mean": 58.75599999999999,
        "std": 0.07418894796396588
      },
      "0.3": {
        "mean": 53.431999999999995,
        "std": 0.09765244492586778
      }
    },
    "0.375": {
      "0.0": {
        "mean": 68.34,
        "std": 0.0
      },
      "0.05": {
        "mean": 68.172,
        "std": 0.14344336861633075
      },
      "0.1": {
        "mean": 67.872,
        "std": 0.12106196760337579
      },
      "0.15": {
        "mean": 67.352,
        "std": 0.08997777503361762
      },
      "0.2": {
        "mean": 66.8,
        "std": 0.08485281374238221
      },
      "0.25": {
        "mean": 65.276,
        "std": 0.10910545357588587
      },
      "0.3": {
        "mean": 62.279999999999994,
        "std": 0.24690078979217522
      }
    },
    "0.5": {
      "0.0": {
        "mean": 71.32,
        "std": 0.0
      },
      "0.05": {
        "mean": 71.332,
        "std": 0.06764613810114835
      },
      "0.1": {
        "mean": 71.232,
        "std": 0.09260669522231958
      },
      "0.15": {
        "mean": 70.772,
        "std": 0.19497692171126058
      },
      "0.2": {
        "mean": 70.364,
        "std": 0.09156418513807706
      },
      "0.25": {
        "mean": 69.588,
        "std": 0.18181309083781272
      },
      "0.3": {
        "mean": 67.50399999999999,
        "std": 0.21923503369671757
      }
    },
    "0.625": {
      "0.0": {
        "mean": 73.5,
        "std": 0.0
      },
      "0.05": {
        "mean": 73.484,
        "std": 0.10762899237658834
      },
      "0.1": {
        "mean": 73.192,
        "std": 0.19742340286805043
      },
      "0.15": {
        "mean": 72.944,
        "std": 0.09583318840568719
      },
      "0.2": {
        "mean": 72.62,
        "std": 0.060663003552410645
      },
      "0.25": {
        "mean": 72.104,
        "std": 0.2615033460588952
      },
      "0.3": {
        "mean": 70.35999999999999,
        "std": 0.22943408639520244
      }
    },
    "0.75": {
      "0.0": {
        "mean": 75.22,
        "std": 0.0
      },
      "0.05": {
        "mean": 75.07199999999999,
        "std": 0.12560254774486102
      },
      "0.1": {
        "mean": 75.1,
        "std": 0.07797435475847297
      },
      "0.15": {
        "mean": 74.876,
        "std": 0.20333224043422038
      },
      "0.2": {
        "mean": 74.712,
        "std": 0.1400571312000917
      },
      "0.25": {
        "mean": 73.88000000000001,
        "std": 0.33941125496954094
      },
      "0.3": {
        "mean": 72.52799999999999,
        "std": 0.4238112787550631
      }
    },
    "0.875": {
      "0.0": {
        "mean": 76.34,
        "std": 0.0
      },
      "0.05": {
        "mean": 76.272,
        "std": 0.032496153618542974
      },
      "0.1": {
        "mean": 76.13600000000001,
        "std": 0.16267759526130182
      },
      "0.15": {
        "mean": 75.812,
        "std": 0.16904437287292512
      },
      "0.2": {
        "mean": 75.436,
        "std": 0.1280000000000017
      },
      "0.25": {
        "mean": 74.832,
        "std": 0.14783774890061144
      },
      "0.3": {
        "mean": 72.98799999999999,
        "std": 0.07440430095095052
      }
    },
    "1.0": {
      "0.0": {
        "mean": 76.66,
        "std": 0.0
      },
      "0.05": {
        "mean": 76.548,
        "std": 0.16375591592366995
      },
      "0.1": {
        "mean": 76.52000000000001,
        "std": 0.20278066969018635
      },
      "0.15": {
        "mean": 76.152,
        "std": 0.10166612021711303
      },
      "0.2": {
        "mean": 75.63199999999999,
        "std": 0.14675149062275306
      },
      "0.25": {
        "mean": 74.4,
        "std": 0.14254823744964443
      },
      "0.3": {
        "mean": 71.872,
        "std": 0.2178439808670435
      }
    }
  },
  "resisc45": {
    "0.1": {
      "0.0": {
        "mean": 32.67063492063492,
        "std": 0.0
      },
      "0.05": {
        "mean": 31.68015873015873,
        "std": 0.021531206295635617
      },
      "0.1": {
        "mean": 30.445238095238096,
        "std": 0.049652356570212906
      },
      "0.15": {
        "mean": 28.633333333333333,
        "std": 0.12260813122414659
      },
      "0.2": {
        "mean": 26.25,
        "std": 0.080076179400822
      },
      "0.25": {
        "mean": 23.585714285714282,
        "std": 0.09799578870122228
      },
      "0.3": {
        "mean": 20.884126984126983,
        "std": 0.09782852733685102
      }
    },
    "0.25": {
      "0.0": {
        "mean": 40.76984126984127,
        "std": 0.0
      },
      "0.05": {
        "mean": 40.12619047619047,
        "std": 0.0462365449639021
      },
      "0.1": {
        "mean": 38.94285714285714,
        "std": 0.06396648152257013
      },
      "0.15": {
        "mean": 37.32380952380952,
        "std": 0.09123878008380856
      },
      "0.2": {
        "mean": 34.88809523809524,
        "std": 0.13087780464252718
      },
      "0.25": {
        "mean": 31.06904761904762,
        "std": 0.05620930542738358
      },
      "0.3": {
        "mean": 26.076984126984126,
        "std": 0.07198198313252863
      }
    },
    "0.375": {
      "0.0": {
        "mean": 44.80555555555556,
        "std": 0.0
      },
      "0.05": {
        "mean": 44.464285714285715,
        "std": 0.03747847286704079
      },
      "0.1": {
        "mean": 43.7,
        "std": 0.06737155691969517
      },
      "0.15": {
        "mean": 42.24523809523809,
        "std": 0.08393208931049129
      },
      "0.2": {
        "mean": 39.81507936507937,
        "std": 0.07163110615584932
      },
      "0.25": {
        "mean": 36.119841269841274,
        "std": 0.11463790530328681
      },
      "0.3": {
        "mean": 30.277777777777782,
        "std": 0.09583148474999131
      }
    },
    "0.5": {
      "0.0": {
        "mean": 48.04365079365079,
        "std": 0.0
      },
      "0.05": {
        "mean": 48.057142857142864,
        "std": 0.028900224533386948
      },
      "0.1": {
        "mean": 47.63809523809524,
        "std": 0.03899402697313791
      },
      "0.15": {
        "mean": 46.68174603174603,
        "std": 0.06943423961301451
      },
      "0.2": {
        "mean": 44.58412698412698,
        "std": 0.0749317317582341
      },
      "0.25": {
        "mean": 41.08730158730158,
        "std": 0.11479164909056908
      },
      "0.3": {
        "mean": 35.06269841269842,
        "std": 0.08785538634053598
      }
    },
    "0.625": {
      "0.0": {
        "mean": 50.785714285714285,
        "std": 0.0
      },
      "0.05": {
        "mean": 51.06269841269842,
        "std": 0.034992710611190296
      },
      "0.1": {
        "mean": 51.00476190476191,
        "std": 0.04952533575181704
      },
      "0.15": {
        "mean": 50.49523809523809,
        "std": 0.055973484706366775
      },
      "0.2": {
        "mean": 48.98095238095238,