{
  "baseline": 0.4283013914955197,
  "snn_only": 0.33966345296890843,
  "snn_se": 0.34298575945668414,
  "v8a_full": 0.33165782063858973,
  "latency": {
    "baseline_ms": 6.015777587890625,
    "v8a_ms": 14.373993873596191
  }
}