{
  "v2_clean": 96.35000000000001,
  "v2_gini": 0.012676293125210441,
  "v2_entropy_ratio": 0.9999499762039301,
  "v2_ablation_r": 0.05123979543179259,
  "v2_ablation_p": 3.8715432746666274e-07,
  "v2_unique_masks": 2000,
  "v2_margin": 0.036860570311546326,
  "v2_ber_sweep": {
    "0.0": 96.35,
    "0.05": 96.1,
    "0.1": 96.0,
    "0.15": 95.85,
    "0.2": 95.2,
    "0.25": 94.75,
    "0.3": 92.9
  },
  "snnsc_ber_sweep": {
    "0.0": 95.7,
    "0.05": 95.7,
    "0.1": 95.8,
    "0.15": 95.35,
    "0.2": 95.0,
    "0.25": 94.3,
    "0.3": 92.2
  },
  "cnnuni_ber_sweep": {
    "0.0": 92.5,
    "0.05": 92.65,
    "0.1": 92.3,
    "0.15": 92.4,
    "0.2": 89.6,
    "0.25": 81.25,
    "0.3": 67.25
  }
}