{
  "aid": {
    "seeds": [
      42,
      101,
      123,
      456,
      789
    ],
    "clean": {
      "values": [
        95.42,
        97.72,
        97.68,
        98.14,
        97.7
      ],
      "mean": 97.332,
      "std": 0.9711518933719895
    },
    "ber_0.30": {
      "values": [
        93.44,
        96.74,
        96.42,
        97.1,
        96.46
      ],
      "mean": 96.03200000000001,
      "std": 1.3186417254129332
    }
  },
  "resisc45": {
    "seeds": [
      42,
      101,
      123,
      456,
      789
    ],
    "clean": {
      "values": [
        92.01190476190476,
        93.46825396825396,
        93.73809523809524,
        93.62698412698413,
        93.63095238095238
      ],
      "mean": 93.29523809523809,
      "std": 0.647419631607102
    },
    "ber_0.30": {
      "values": [
        86.95238095238095,
        89.35714285714286,
        89.40079365079364,
        89.43650793650794,
        89.26190476190476
      ],
      "mean": 88.88174603174603,
      "std": 0.9664516142053635
    }
  }
}