{
  "rho_sweep": {
    "v2": {
      "0.25": {
        "0.0": 87.8,
        "0.1": 80.4,
        "0.2": 63.25,
        "0.3": 29.9
      },
      "0.5": {
        "0.0": 95.3,
        "0.1": 94.85,
        "0.2": 93.8,
        "0.3": 85.55
      },
      "0.625": {
        "0.0": 96.0,
        "0.1": 95.75,
        "0.2": 94.95,
        "0.3": 91.05
      },
      "0.75": {
        "0.0": 96.3,
        "0.1": 96.05,
        "0.2": 95.05,
        "0.3": 92.85
      },
      "0.875": {
        "0.0": 96.2,
        "0.1": 96.15,
        "0.2": 95.45,
        "0.3": 93.25
      },
      "1.0": {
        "0.0": 96.3,
        "0.1": 96.1,
        "0.2": 95.5,
        "0.3": 93.35
      }
    },
    "v4a": {
      "0.25": {
        "0.0": 91.55,
        "0.1": 87.45,
        "0.2": 78.6,
        "0.3": 51.15
      },
      "0.5": {
        "0.0": 95.6,
        "0.1": 95.5,
        "0.2": 95.2,
        "0.3": 94.0
      },
      "0.625": {
        "0.0": 96.15,
        "0.1": 96.1,
        "0.2": 95.9,
        "0.3": 94.75
      },
      "0.75": {
        "0.0": 96.45,
        "0.1": 96.4,
        "0.2": 96.35,
        "0.3": 95.55
      },
      "0.875": {
        "0.0": 96.3,
        "0.1": 96.5,
        "0.2": 96.5,
        "0.3": 95.65
      },
      "1.0": {
        "0.0": 96.2,
        "0.1": 96.25,
        "0.2": 96.55,
        "0.3": 96.05
      }
    },
    "v5c": {
      "0.25": {
        "0.0": 92.15,
        "0.1": 91.5,
        "0.2": 89.5,
        "0.3": 82.3
      },
      "0.5": {
        "0.0": 95.6,
        "0.1": 95.65,
        "0.2": 95.15,
        "0.3": 94.55
      },
      "0.625": {
        "0.0": 96.05,
        "0.1": 96.0,
        "0.2": 95.85,
        "0.3": 95.4
      },
      "0.75": {
        "0.0": 96.55,
        "0.1": 96.25,
        "0.2": 96.0,
        "0.3": 95.45
      },
      "0.875": {
        "0.0": 96.4,
        "0.1": 96.4,
        "0.2": 96.35,
        "0.3": 95.75
      },
      "1.0": {
        "0.0": 96.35,
        "0.1": 96.35,
        "0.2": 96.25,
        "0.3": 95.4
      }
    }
  },
  "mask_comparison": {
    "v4a": {
      "0.5": {
        "0.0": {
          "learned": 95.6,
          "random": 92.05,
          "uniform": 92.1,
          "delta_random": 3.549999999999997,
          "delta_uniform": 3.5
        },
        "0.15": {
          "learned": 95.4,
          "random": 81.66666666666666,
          "uniform": 78.7,
          "delta_random": 13.733333333333348,
          "delta_uniform": 16.700000000000003
        },
        "0.3": {
          "learned": 93.35,
          "random": 48.0,
          "uniform": 44.5,
          "delta_random": 45.349999999999994,
          "delta_uniform": 48.849999999999994
        }
      },
      "0.75": {
        "0.0": {
          "learned": 96.45,
          "random": 96.08333333333333,
          "uniform": 95.7,
          "delta_random": 0.36666666666667425,
          "delta_uniform": 0.75
        },
        "0.15": {
          "learned": 96.55,
          "random": 95.3,
          "uniform": 95.5,
          "delta_random": 1.25,
          "delta_uniform": 1.0499999999999972
        },
        "0.3": {
          "learned": 95.65,
          "random": 89.26666666666667,
          "uniform": 94.3,
          "delta_random": 6.38333333333334,
          "delta_uniform": 1.3500000000000085
        }
      },
      "1.0": {
        "0.0": {
          "learned": 96.2,
          "random": 96.2,
          "uniform": 96.2,
          "delta_random": 0.0,
          "delta_uniform": 0.0
        },
        "0.15": {
          "learned": 96.2,
          "random": 96.2,
          "uniform": 96.1,
          "delta_random": 0.0,
          "delta_uniform": 0.10000000000000853
        },
        "0.3": {
          "learned": 95.8,
          "random": 95.98333333333335,
          "uniform": 95.8,
          "delta_random": -0.18333333333335133,
          "delta_uniform": 0.0
        }
      }
    },
    "v5c": {
      "0.5": {
        "0.0": {
          "learned": 95.6,
          "random": 92.36666666666666,
          "uniform": 92.8,
          "delta_random": 3.2333333333333343,
          "delta_uniform": 2.799999999999997
        },
        "0.15": {
          "learned": 95.15,
          "random": 89.01666666666667,
          "uniform": 88.15,
          "delta_random": 6.13333333333334,
          "delta_uniform": 7.0
        },
        "0.3": {
          "learned": 94.35,
          "random": 69.93333333333334,
          "uniform": 62.65,
          "delta_random": 24.416666666666657,
          "delta_uniform": 31.699999999999996
        }
      },
      "0.75": {
        "0.0": {
          "learned": 96.55,
          "random": 95.86666666666667,
          "uniform": 96.0,
          "delta_random": 0.6833333333333229,
          "delta_uniform": 0.5499999999999972
        },
        "0.15": {
          "learned": 96.2,
          "random": 95.45,
          "uniform": 95.5,
          "delta_random": 0.75,
          "delta_uniform": 0.7000000000000028
        },
        "0.3": {
          "learned": 95.5,
          "random": 92.66666666666667,
          "uniform": 94.45,
          "delta_random": 2.8333333333333286,
          "delta_uniform": 1.0499999999999972
        }
      },
      "1.0": {
        "0.0": {
          "learned": 96.35,
          "random": 96.34999999999998,
          "uniform": 96.35,
          "delta_random": 1.4210854715202004e-14,
          "delta_uniform": 0.0
        },
        "0.15": {
          "learned": 96.45,
          "random": 96.33333333333333,
          "uniform": 96.25,
          "delta_random": 0.11666666666667425,
          "delta_uniform": 0.20000000000000284
        },
        "0.3": {
          "learned": 95.2,
          "random": 95.23333333333333,
          "uniform": 95.3,
          "delta_random": -0.03333333333333144,
          "delta_uniform": -0.09999999999999432
        }
      }
    }
  }
}