{
  "variance": {
    "mean": 0.002049196045845747,
    "std": 0.0011206773342564702,
    "min": 5.9888399846386164e-05,
    "max": 0.007289800327271223
  },
  "max_min": {
    "mean": 0.16545148193836212,
    "std": 0.03622134402394295,
    "min": 0.041881561279296875,
    "max": 0.2462022304534912
  },
  "std": {
    "mean": 0.043440211564302444,
    "std": 0.0127335786819458,
    "min": 0.007738759741187096,
    "max": 0.08538033068180084
  },
  "coeff_var": {
    "mean": 0.055590610951185226,
    "std": 0.015453914180397987,
    "min": 0.010573368519544601,
    "max": 0.10346859693527222
  },
  "gini": {
    "mean": 0.03140573902084162,
    "std": 0.008850633204776213,
    "min": 0.005797717048319884,
    "max": 0.05831911529874678
  },
  "entropy_ratio": {
    "mean": 0.999685526245983,
    "std": 0.00016268597993278718,
    "min": 0.9989839457059474,
    "max": 0.9999894558006399
  }
}