{
  "variance": {
    "mean": 0.00018824879953172058,
    "std": 0.00014157412806525826,
    "min": 1.3625769497593865e-05,
    "max": 0.001074299798347056
  },
  "max_min": {
    "mean": 0.0626375824213028,
    "std": 0.017345163971185684,
    "min": 0.019015192985534668,
    "max": 0.1320989727973938
  },
  "std": {
    "mean": 0.012952161021530628,
    "std": 0.004526623524725437,
    "min": 0.0036913100630044937,
    "max": 0.03277651220560074
  },
  "coeff_var": {
    "mean": 0.02477755956351757,
    "std": 0.008370276540517807,
    "min": 0.007318391464650631,
    "max": 0.060924336314201355
  },
  "gini": {
    "mean": 0.013878637542195522,
    "std": 0.004741154949943068,
    "min": 0.004112413443776219,
    "max": 0.03411593291645443
  },
  "entropy_ratio": {
    "mean": 0.9999354125872444,
    "std": 4.628957815844567e-05,
    "min": 0.9996513044722991,
    "max": 0.9999949666825605
  }
}