{
  "AID": {
    "0.0": 91.78,
    "0.05": 91.8,
    "0.1": 91.08,
    "0.15": 88.58,
    "0.2": 83.56,
    "0.25": 72.66,
    "0.3": 52.6
  },
  "RESISC45": {
    "0.0": 78.31746031746032,
    "0.05": 81.41269841269842,
    "0.1": 82.44444444444444,
    "0.15": 81.49603174603175,
    "0.2": 77.24603174603175,
    "0.25": 67.36904761904762,
    "0.3": 49.23809523809524
  }
}