{
  "AID": {
    "0.0": 91.98,
    "0.05": 88.72,
    "0.1": 84.22,
    "0.15": 76.18,
    "0.2": 66.14,
    "0.25": 51.98,
    "0.3": 35.88
  },
  "RESISC45": {
    "0.0": 82.23015873015873,
    "0.05": 74.94047619047619,
    "0.1": 65.40079365079364,
    "0.15": 54.642857142857146,
    "0.2": 42.73412698412698,
    "0.25": 30.904761904761905,
    "0.3": 20.865079365079364
  }
}