{
  "aid": {
    "bsc": {
      "params": [
        0.0,
        0.05,
        0.1,
        0.15,
        0.25,
        0.3,
        0.35
      ],
      "results": {
        "0.0": 95.42,
        "0.05": 95.58,
        "0.1": 95.68,
        "0.15": 95.94,
        "0.25": 95.3,
        "0.3": 93.22,
        "0.35": 74.3
      }
    },
    "awgn": {
      "params": [
        20,
        10,
        5,
        2,
        0,
        -2
      ],
      "results": {
        "20": 95.42,
        "10": 95.42,
        "5": 95.48,
        "2": 95.54,
        "0": 95.72,
        "-2": 95.72
      }
    },
    "rayleigh": {
      "params": [
        20,
        10,
        5,
        2,
        0,
        -2
      ],
      "results": {
        "20": 95.44,
        "10": 95.58,
        "5": 95.66,
        "2": 95.76,
        "0": 95.8,
        "-2": 95.76
      }
    }
  },
  "resisc45": {
    "bsc": {
      "params": [
        0.0,
        0.05,
        0.1,
        0.15,
        0.25,
        0.3,
        0.35
      ],
      "results": {
        "0.0": 92.01190476190476,
        "0.05": 92.11904761904762,
        "0.1": 92.35714285714286,
        "0.15": 92.31349206349206,
        "0.25": 91.34920634920636,
        "0.3": 86.9920634920635,
        "0.35": 55.833333333333336
      }
    },
    "awgn": {
      "params": [
        20,
        10,
        5,
        2,
        0,
        -2
      ],
      "results": {
        "20": 92.01190476190476,
        "10": 92.01190476190476,
        "5": 92.02380952380952,
        "2": 92.19444444444444,
        "0": 92.20238095238095,
        "-2": 92.3452380952381
      }
    },
    "rayleigh": {
      "params": [
        20,
        10,
        5,
        2,
        0,
        -2
      ],
      "results": {
        "20": 92.0,
        "10": 92.07936507936508,
        "5": 92.1984126984127,
        "2": 92.32936507936508,
        "0": 92.38888888888889,
        "-2": 92.31746031746032
      }
    }
  }
}