{
  "aid": {
    "0.1": {
      "learned": {
        "0.0": 83.02,
        "0.3": 62.72
      },
      "random": {
        "0.0": {
          "mean": 72.4004,
          "std": 0.38951231046014495
        },
        "0.3": {
          "mean": 22.944000000000003,
          "std": 0.30347322781425046
        }
      }
    },
    "0.25": {
      "learned": {
        "0.0": 92.54,
        "0.3": 88.44
      },
      "random": {
        "0.0": {
          "mean": 93.62640000000002,
          "std": 0.1679733312165949
        },
        "0.3": {
          "mean": 73.39080000000001,
          "std": 0.4070028992525738
        }
      }
    },
    "0.5": {
      "learned": {
        "0.0": 95.02,
        "0.3": 93.3
      },
      "random": {
        "0.0": {
          "mean": 95.26719999999999,
          "std": 0.1168766871535982
        },
        "0.3": {
          "mean": 91.84880000000001,
          "std": 0.14779228667288394
        }
      }
    },
    "0.625": {
      "learned": {
        "0.0": 95.4,
        "0.3": 93.64
      },
      "random": {
        "0.0": {
          "mean": 95.34199999999998,
          "std": 0.10440306508910582
        },
        "0.3": {
          "mean": 92.97279999999999,
          "std": 0.10467167716244907
        }
      }
    },
    "0.75": {
      "learned": {
        "0.0": 95.42,
        "0.3": 93.32
      },
      "random": {
        "0.0": {
          "mean": 95.33800000000001,
          "std": 0.11574109036984276
        },
        "0.3": {
          "mean": 93.16999999999999,
          "std": 0.14812157169028156
        }
      }
    },
    "1.0": {
      "learned": {
        "0.0": 95.2,
        "0.3": 92.42
      },
      "random": {
        "0.0": {
          "mean": 95.20000000000002,
          "std": 1.4210854715202004e-14
        },
        "0.3": {
          "mean": 92.49199999999999,
          "std": 0.15393505123915238
        }
      }
    }
  },
  "resisc45": {
    "0.1": {
      "learned": {
        "0.0": 82.1984126984127,
        "0.3": 48.154761904761905
      },
      "random": {
        "0.0": {
          "mean": 53.11555555555556,
          "std": 0.2354865555895746
        },
        "0.3": {
          "mean": 13.651984126984125,
          "std": 0.10447365949291115
        }
      }
    },
    "0.25": {
      "learned": {
        "0.0": 91.07539682539682,
        "0.3": 82.7420634920635
      },
      "random": {
        "0.0": {
          "mean": 87.61888888888888,
          "std": 0.10187199690834696
        },
        "0.3": {
          "mean": 53.9988888888889,
          "std": 0.17719405302183203
        }
      }
    },
    "0.5": {
      "learned": {
        "0.0": 92.40873015873017,
        "0.3": 87.46428571428571
      },
      "random": {
        "0.0": {
          "mean": 91.93785714285715,
          "std": 0.06001180911754046
        },
        "0.3": {
          "mean": 82.1479365079365,
          "std": 0.11801413839311967
        }
      }
    },
    "0.625": {
      "learned": {
        "0.0": 92.57539682539682,
        "0.3": 86.46428571428571
      },
      "random": {
        "0.0": {
          "mean": 92.27984126984127,
          "std": 0.05256245610113029
        },
        "0.3": {
          "mean": 84.83984126984127,
          "std": 0.09718175380628177
        }
      }
    },
    "0.75": {
      "learned": {
        "0.0": 92.60714285714286,
        "0.3": 84.7420634920635
      },
      "random": {
        "0.0": {
          "mean": 92.42301587301587,
          "std": 0.05271060291212812
        },
        "0.3": {
          "mean": 85.40079365079364,
          "std": 0.08947510777058185
        }
      }
    },
    "1.0": {
      "learned": {
        "0.0": 92.50396825396825,
        "0.3": 81.56349206349206
      },
      "random": {
        "0.0": {
          "mean": 92.50396825396824,
          "std": 1.4210854715202004e-14
        },
        "0.3": {
          "mean": 81.62857142857142,
          "std": 0.04192850457737191
        }
      }
    }
  }
}