{
  "v5_variants": {
    "v5a": {
      "0.0": 97.14285714285714,
      "0.05": 97.14285714285714,
      "0.1": 97.85714285714286,
      "0.15": 97.61904761904762,
      "0.2": 97.85714285714286,
      "0.25": 97.61904761904762,
      "0.3": 97.85714285714286
    },
    "v5d": {
      "0.0": 98.57142857142857,
      "0.05": 98.57142857142857,
      "0.1": 98.57142857142857,
      "0.15": 98.57142857142857,
      "0.2": 98.0952380952381,
      "0.25": 97.38095238095238,
      "0.3": 96.66666666666667
    },
    "v5e": {
      "0.0": 95.0,
      "0.05": 95.47619047619048,
      "0.1": 96.66666666666667,
      "0.15": 96.66666666666667,
      "0.2": 97.14285714285714,
      "0.25": 97.38095238095238,
      "0.3": 96.9047619047619
    }
  },
  "rho_sweep": {
    "v2": {
      "0.25": {
        "0.0": 85.95238095238095,
        "0.1": 72.38095238095238,
        "0.2": 49.76190476190476,
        "0.3": 21.666666666666668
      },
      "0.5": {
        "0.0": 95.95238095238095,
        "0.1": 96.19047619047619,
        "0.2": 95.0,
        "0.3": 85.71428571428571
      },
      "0.625": {
        "0.0": 97.85714285714286,
        "0.1": 97.38095238095238,
        "0.2": 96.42857142857143,
        "0.3": 93.0952380952381
      },
      "0.75": {
        "0.0": 97.85714285714286,
        "0.1": 98.0952380952381,
        "0.2": 97.61904761904762,
        "0.3": 95.23809523809524
      },
      "0.875": {
        "0.0": 98.33333333333333,
        "0.1": 98.33333333333333,
        "0.2": 97.61904761904762,
        "0.3": 95.23809523809524
      },
      "1.0": {
        "0.0": 98.33333333333333,
        "0.1": 98.33333333333333,
        "0.2": 98.0952380952381,
        "0.3": 95.95238095238095
      }
    },
    "v4a": {
      "0.25": {
        "0.0": 90.47619047619048,
        "0.1": 88.57142857142857,
        "0.2": 80.23809523809524,
        "0.3": 58.095238095238095
      },
      "0.5": {
        "0.0": 96.9047619047619,
        "0.1": 97.38095238095238,
        "0.2": 96.66666666666667,
        "0.3": 94.04761904761905
      },
      "0.625": {
        "0.0": 97.61904761904762,
        "0.1": 98.33333333333333,
        "0.2": 97.85714285714286,
        "0.3": 96.42857142857143
      },
      "0.75": {
        "0.0": 98.33333333333333,
        "0.1": 98.57142857142857,
        "0.2": 98.80952380952381,
        "0.3": 97.61904761904762
      },
      "0.875": {
        "0.0": 98.33333333333333,
        "0.1": 98.33333333333333,
        "0.2": 98.33333333333333,
        "0.3": 98.0952380952381
      },
      "1.0": {
        "0.0": 98.33333333333333,
        "0.1": 98.33333333333333,
        "0.2": 98.57142857142857,
        "0.3": 97.38095238095238
      }
    },
    "v5c": {
      "0.25": {
        "0.0": 91.66666666666667,
        "0.1": 91.42857142857143,
        "0.2": 89.04761904761905,
        "0.3": 80.47619047619048
      },
      "0.5": {
        "0.0": 96.66666666666667,
        "0.1": 97.38095238095238,
        "0.2": 96.66666666666667,
        "0.3": 95.23809523809524
      },
      "0.625": {
        "0.0": 96.9047619047619,
        "0.1": 97.14285714285714,
        "0.2": 96.9047619047619,
        "0.3": 94.52380952380952
      },
      "0.75": {
        "0.0": 96.9047619047619,
        "0.1": 97.38095238095238,
        "0.2": 97.61904761904762,
        "0.3": 94.28571428571429
      },
      "0.875": {
        "0.0": 97.14285714285714,
        "0.1": 97.85714285714286,
        "0.2": 96.9047619047619,
        "0.3": 93.57142857142857
      },
      "1.0": {
        "0.0": 97.14285714285714,
        "0.1": 97.38095238095238,
        "0.2": 96.9047619047619,
        "0.3": 92.38095238095238
      }
    }
  },
  "mask_comparison": {
    "v4a": {
      "0.5": {
        "0.0": {
          "learned": 96.9047619047619,
          "random": 92.46031746031747,
          "uniform": 92.38095238095238,
          "delta_random": 4.444444444444429,
          "delta_uniform": 4.523809523809518
        },
        "0.15": {
          "learned": 97.38095238095238,
          "random": 87.53968253968253,
          "uniform": 75.71428571428571,
          "delta_random": 9.841269841269849,
          "delta_uniform": 21.66666666666667
        },
        "0.3": {
          "learned": 93.33333333333333,
          "random": 54.76190476190476,
          "uniform": 18.333333333333332,
          "delta_random": 38.57142857142857,
          "delta_uniform": 75.0
        }
      },
      "0.75": {
        "0.0": {
          "learned": 98.33333333333333,
          "random": 97.77777777777779,
          "uniform": 98.0952380952381,
          "delta_random": 0.5555555555555429,
          "delta_uniform": 0.2380952380952266
        },
        "0.15": {
          "learned": 98.33333333333333,
          "random": 97.06349206349205,
          "uniform": 98.33333333333333,
          "delta_random": 1.2698412698412795,
          "delta_uniform": 0.0
        },
        "0.3": {
          "learned": 97.85714285714286,
          "random": 92.46031746031747,
          "uniform": 96.66666666666667,
          "delta_random": 5.396825396825392,
          "delta_uniform": 1.1904761904761898
        }
      },
      "1.0": {
        "0.0": {
          "learned": 98.33333333333333,
          "random": 98.33333333333333,
          "uniform": 98.33333333333333,
          "delta_random": 0.0,
          "delta_uniform": 0.0
        },
        "0.15": {
          "learned": 97.85714285714286,
          "random": 98.25396825396825,
          "uniform": 98.33333333333333,
          "delta_random": -0.39682539682539186,
          "delta_uniform": -0.4761904761904674
        },
        "0.3": {
          "learned": 97.61904761904762,
          "random": 97.22222222222221,
          "uniform": 97.14285714285714,
          "delta_random": 0.3968253968254061,
          "delta_uniform": 0.4761904761904816
        }
      }
    },
    "v5c": {
      "0.5": {
        "0.0": {
          "learned": 96.66666666666667,
          "random": 93.17460317460318,
          "uniform": 92.61904761904762,
          "delta_random": 3.492063492063494,
          "delta_uniform": 4.047619047619051
        },
        "0.15": {
          "learned": 96.66666666666667,
          "random": 91.19047619047619,
          "uniform": 85.95238095238095,
          "delta_random": 5.476190476190482,
          "delta_uniform": 10.714285714285722
        },
        "0.3": {
          "learned": 94.52380952380952,
          "random": 77.14285714285715,
          "uniform": 19.523809523809526,
          "delta_random": 17.380952380952365,
          "delta_uniform": 75.0
        }
      },
      "0.75": {
        "0.0": {
          "learned": 96.9047619047619,
          "random": 96.74603174603175,
          "uniform": 97.14285714285714,
          "delta_random": 0.15873015873015106,
          "delta_uniform": -0.2380952380952408
        },
        "0.15": {
          "learned": 97.38095238095238,
          "random": 96.58730158730158,
          "uniform": 96.9047619047619,
          "delta_random": 0.7936507936507979,
          "delta_uniform": 0.4761904761904816
        },
        "0.3": {
          "learned": 93.33333333333333,
          "random": 92.6984126984127,
          "uniform": 91.42857142857143,
          "delta_random": 0.6349206349206327,
          "delta_uniform": 1.904761904761898
        }
      },
      "1.0": {
        "0.0": {
          "learned": 97.14285714285714,
          "random": 97.14285714285715,
          "uniform": 97.14285714285714,
          "delta_random": -1.4210854715202004e-14,
          "delta_uniform": 0.0
        },
        "0.15": {
          "learned": 97.14285714285714,
          "random": 97.06349206349205,
          "uniform": 97.14285714285714,
          "delta_random": 0.07936507936508974,
          "delta_uniform": 0.0
        },
        "0.3": {
          "learned": 91.66666666666667,
          "random": 92.3015873015873,
          "uniform": 91.9047619047619,