{
  "aid": {
    "1.0": {
      "0.0": {
        "mean": 94.86,
        "std": 0.63,
        "per_seed": [
          95.42,
          94.08,
          95.0,
          94.34,
          95.48
        ]
      },
      "0.3": {
        "mean": 92.68,
        "std": 1.04,
        "per_seed": [
          93.44,
          92.42,
          91.96,
          91.54,
          94.04
        ]
      }
    },
    "0.625": {
      "0.0": {
        "mean": 93.79,
        "std": 1.24,
        "per_seed": [
          95.4,
          92.1,
          93.94,
          93.18,
          94.34
        ]
      },
      "0.3": {
        "mean": 90.92,
        "std": 1.91,
        "per_seed": [
          93.56,
          89.34,
          90.16,
          89.26,
          92.28
        ]
      }
    },
    "paired_test_ber030": {
      "delta_mean": -1.76,
      "t_stat": -3.3414,
      "p_value": 0.028798,
      "masked_accs": [
        93.56,
        89.34,
        90.16,
        89.26,
        92.28
      ],
      "full_accs": [
        93.44,
        92.42,
        91.96,
        91.54,
        94.04
      ]
    }
  },
  "resisc45": {
    "1.0": {
      "0.0": {
        "mean": 92.52,
        "std": 0.17,
        "per_seed": [
          92.61,
          92.73,
          92.29,
          92.55,
          92.41
        ]
      },
      "0.3": {
        "mean": 85.5,
        "std": 5.58,
        "per_seed": [
          84.87,
          88.1,
          76.29,
          87.35,
          90.9
        ]
      }
    },
    "0.625": {
      "0.0": {
        "mean": 92.35,
        "std": 0.21,
        "per_seed": [
          92.58,
          92.56,
          92.21,
          92.28,
          92.13
        ]
      },
      "0.3": {
        "mean": 86.19,
        "std": 4.79,
        "per_seed": [
          86.55,
          88.13,
          78.04,
          87.62,
          90.6
        ]
      }
    },
    "paired_test_ber030": {
      "delta_mean": 0.69,
      "t_stat": 1.5958,
      "p_value": 0.185757,
      "masked_accs": [
        86.55,
        88.13,
        78.04,
        87.62,
        90.6
      ],
      "full_accs": [
        84.87,
        88.1,
        76.29,
        87.35,
        90.9
      ]
    }
  }
}