{
  "aid": {
    "1.0": {
      "0.0": {
        "mean": 95.48,
        "std": 0.3,
        "per_seed": [
          95.2,
          95.5,
          95.48,
          95.24,
          95.96
        ]
      },
      "0.3": {
        "mean": 92.87,
        "std": 1.19,
        "per_seed": [
          92.6,
          94.14,
          91.18,
          92.56,
          93.86
        ]
      }
    },
    "0.75": {
      "0.0": {
        "mean": 94.86,
        "std": 0.63,
        "per_seed": [
          95.42,
          94.08,
          95.0,
          94.34,
          95.48
        ]
      },
      "0.3": {
        "mean": 92.66,
        "std": 0.95,
        "per_seed": [
          93.18,
          92.46,
          91.98,
          91.68,
          94.02
        ]
      }
    },
    "0.625": {
      "0.0": {
        "mean": 93.79,
        "std": 1.24,
        "per_seed": [
          95.4,
          92.1,
          93.94,
          93.18,
          94.34
        ]
      },
      "0.3": {
        "mean": 90.86,
        "std": 1.93,
        "per_seed": [
          93.38,
          89.12,
          90.5,
          89.02,
          92.26
        ]
      }
    },
    "paired_0.625_vs_1.0": {
      "delta": -2.01,
      "t": -1.9578,
      "p": 0.121858
    },
    "paired_0.75_vs_1.0": {
      "delta": -0.2,
      "t": -0.4354,
      "p": 0.685744
    }
  },
  "resisc45": {
    "1.0": {
      "0.0": {
        "mean": 92.49,
        "std": 0.16,
        "per_seed": [
          92.5,
          92.46,
          92.26,
          92.7,
          92.54
        ]
      },
      "0.3": {
        "mean": 83.55,
        "std": 6.88,
        "per_seed": [
          81.62,
          86.9,
          72.66,
          85.94,
          90.64
        ]
      }
    },
    "0.75": {
      "0.0": {
        "mean": 92.52,
        "std": 0.17,
        "per_seed": [
          92.61,
          92.73,
          92.29,
          92.55,
          92.41
        ]
      },
      "0.3": {
        "mean": 85.55,
        "std": 5.53,
        "per_seed": [
          84.87,
          88.1,
          76.44,
          87.39,
          90.93
        ]
      }
    },
    "0.625": {
      "0.0": {
        "mean": 92.35,
        "std": 0.21,
        "per_seed": [
          92.58,
          92.56,
          92.21,
          92.28,
          92.13
        ]
      },
      "0.3": {
        "mean": 86.23,
        "std": 4.79,
        "per_seed": [
          86.48,
          88.27,
          78.14,
          87.48,
          90.78
        ]
      }
    },
    "paired_0.625_vs_1.0": {
      "delta": 2.68,
      "t": 2.5499,
      "p": 0.063311
    },
    "paired_0.75_vs_1.0": {
      "delta": 1.99,
      "t": 3.0413,
      "p": 0.038354
    }
  }
}