{
  "baseline": 0.4283013914955197,
  "snn": {
    "0.0": {
      "mAP50": 0.29808441959567855,
      "tx_rate": 0.7486772537231445
    },
    "0.05": {
      "mAP50": 0.32617124397001757,
      "tx_rate": 0.7486772537231445
    },
    "0.1": {
      "mAP50": 0.3184747472296627,
      "tx_rate": 0.7486772537231445
    },
    "0.15": {
      "mAP50": 0.332626532282594,
      "tx_rate": 0.7486772537231445
    },
    "0.2": {
      "mAP50": 0.33627302777649953,
      "tx_rate": 0.7486772537231445
    },
    "0.25": {
      "mAP50": 0.08063464449008184,
      "tx_rate": 0.7486772537231445
    },
    "0.3": {
      "mAP50": 0.0,
      "tx_rate": 0.7486772537231445
    }
  }
}