{
  "baseline": 0.4283013914955197,
  "snn_improved": {
    "0.0": {
      "mAP50": 0.42793899323483797,
      "fr": 0.22517943878968558
    },
    "0.05": {
      "mAP50": 0.42944928761557716,
      "fr": 0.22363691528638205
    },
    "0.1": {
      "mAP50": 0.4348181771610546,
      "fr": 0.2221273531516393
    },
    "0.15": {
      "mAP50": 0.43552565695513035,
      "fr": 0.22045232355594635
    },
    "0.2": {
      "mAP50": 0.016839855072463765,
      "fr": 0.19160279631614685
    },
    "0.25": {
      "mAP50": 0.0,
      "fr": 0.1889321506023407
    },
    "0.3": {
      "mAP50": 0.0,
      "fr": 0.19123031198978424
    }
  }
}