{
  "baseline": 0.4283013914955197,
  "ae": {
    "0.0": {
      "mAP50": 0.38127149873836036
    },
    "0.05": {
      "mAP50": 0.36728810039075344
    },
    "0.1": {
      "mAP50": 0.32510507039340525
    },
    "0.15": {
      "mAP50": 0.27018203929132806
    },
    "0.2": {
      "mAP50": 0.060998809518894824
    },
    "0.25": {
      "mAP50": 0.051938284576145924
    },
    "0.3": {
      "mAP50": 0.011337681159420292
    }
  }
}